gender,age,income_bracket,occupation_group,marital_status,investment_propensity,product_amt
남,40대,10000만원미만,기타,기혼,공격투자형,16652000
여,30대,1000만원미만,자영업,기혼,안정추구형,1133000
남,30대,10000만원미만,전문직,미혼,공격투자형,20812000
여,40대,10000만원미만,서비스업,미혼,안정형,10851000
여,20대,10000만원미만,기타,기혼,안정추구형,13930000
여,20대,3000만원미만,사무종사자,미혼,공격투자형,4222000
여,40대,10000만원이상,기타,미혼,적극투자형,37779000
남,30대,3000만원미만,전문직,미혼,위험중립형,1752000
남,60대,10000만원이상,사무종사자,기혼,적극투자형,46110000
남,60대,5000만원미만,전문직,기혼,공격투자형,5973000
여,20대,10000만원이상,서비스업,기혼,안정추구형,26385000
여,40대,10000만원이상,기타,기혼,안정추구형,44433000
남,30대,1000만원미만,자영업,기혼,안정추구형,1056000
남,20대,5000만원미만,자영업,미혼,위험중립형,6572000
남,50대,5000만원미만,사무종사자,미혼,안정형,4129000
여,40대,10000만원이상,사무종사자,미혼,안정형,41885000
남,30대,10000만원이상,기타,미혼,적극투자형,87945000
남,40대,5000만원미만,서비스업,기혼,공격투자형,6984000
여,30대,10000만원이상,전문직,기혼,안정추구형,26870000
남,50대,10000만원이상,전문직,미혼,적극투자형,76096000
여,30대,10000만원미만,사무종사자,미혼,적극투자형,11717000
여,60대,3000만원미만,기타,미혼,공격투자형,1753000
남,40대,1000만원미만,전문직,기혼,안정추구형,619000
여,50대,3000만원미만,자영업,미혼,공격투자형,2192000
여,60대,5000만원미만,기타,기혼,위험중립형,9662000
남,20대,5000만원미만,자영업,미혼,안정형,8523000
여,50대,3000만원미만,사무종사자,기혼,위험중립형,2712000
여,40대,3000만원미만,기타,미혼,공격투자형,2846000
여,40대,5000만원미만,자영업,미혼,적극투자형,7779000
남,40대,1000만원미만,전문직,기혼,안정형,665000
남,40대,5000만원미만,자영업,기혼,적극투자형,11491000
남,50대,5000만원미만,전문직,기혼,안정추구형,9670000
남,30대,1000만원미만,전문직,미혼,안정형,1102000
남,40대,1000만원미만,전문직,기혼,안정형,528000
남,50대,1000만원미만,사무종사자,미혼,안정형,980000
여,30대,1000만원미만,서비스업,기혼,공격투자형,541000
여,20대,3000만원미만,서비스업,기혼,위험중립형,1682000
남,60대,5000만원미만,기타,미혼,위험중립형,4600000
여,20대,10000만원미만,서비스업,기혼,위험중립형,25465000
남,40대,5000만원미만,자영업,기혼,안정형,7072000
남,40대,5000만원미만,사무종사자,기혼,안정추구형,6179000
남,40대,5000만원미만,사무종사자,기혼,안정형,9008000
여,60대,10000만원미만,전문직,미혼,위험중립형,14531000
남,60대,10000만원미만,서비스업,미혼,적극투자형,18513000
남,30대,1000만원미만,서비스업,기혼,공격투자형,1436000
여,50대,5000만원미만,자영업,기혼,안정형,3825000
남,50대,3000만원미만,서비스업,미혼,안정형,1745000
여,40대,10000만원이상,사무종사자,기혼,안정형,43325000
남,50대,5000만원미만,서비스업,미혼,안정형,5274000
여,20대,5000만원미만,사무종사자,미혼,안정형,7866000
남,40대,3000만원미만,서비스업,미혼,위험중립형,5223000
남,40대,10000만원이상,자영업,기혼,적극투자형,37869000
여,50대,3000만원미만,전문직,미혼,적극투자형,2176000
여,30대,5000만원미만,전문직,미혼,공격투자형,6179000
남,60대,1000만원미만,서비스업,기혼,위험중립형,842000
남,50대,1000만원미만,사무종사자,미혼,공격투자형,1271000
남,50대,3000만원미만,기타,기혼,안정형,1906000
여,60대,10000만원이상,서비스업,미혼,위험중립형,17550000
여,40대,5000만원미만,서비스업,기혼,안정추구형,2761000
여,40대,5000만원미만,자영업,기혼,공격투자형,5007000
여,20대,1000만원미만,사무종사자,기혼,적극투자형,1713000
여,20대,10000만원미만,전문직,미혼,공격투자형,19625000
남,50대,5000만원미만,전문직,미혼,공격투자형,9919000
남,40대,10000만원미만,사무종사자,기혼,안정형,12709000
여,50대,5000만원미만,기타,기혼,안정형,2390000
남,40대,5000만원미만,전문직,기혼,위험중립형,5362000
여,30대,1000만원미만,서비스업,기혼,공격투자형,1385000
여,20대,3000만원미만,사무종사자,기혼,안정추구형,3047000
여,60대,3000만원미만,전문직,기혼,안정추구형,2441000
남,50대,10000만원미만,서비스업,미혼,안정추구형,22935000
여,20대,3000만원미만,사무종사자,미혼,안정추구형,1403000
남,30대,10000만원미만,자영업,미혼,위험중립형,17595000
남,30대,10000만원미만,사무종사자,미혼,공격투자형,27677000
남,30대,1000만원미만,사무종사자,기혼,공격투자형,1025000
여,40대,1000만원미만,서비스업,기혼,적극투자형,769000
남,40대,5000만원미만,자영업,미혼,안정형,3430000
남,50대,3000만원미만,사무종사자,기혼,안정형,1798000
남,20대,10000만원미만,기타,기혼,안정형,11264000
남,20대,3000만원미만,전문직,기혼,안정추구형,2694000
남,50대,10000만원미만,기타,미혼,공격투자형,16528000
남,50대,3000만원미만,자영업,기혼,공격투자형,3390000
남,50대,3000만원미만,기타,미혼,위험중립형,2756000
남,30대,10000만원미만,사무종사자,미혼,적극투자형,11323000
여,40대,10000만원미만,기타,기혼,위험중립형,10477000
여,20대,5000만원미만,자영업,기혼,공격투자형,4563000
여,40대,10000만원이상,자영업,미혼,위험중립형,39102000
남,40대,10000만원이상,자영업,미혼,안정추구형,53647000
여,20대,10000만원미만,서비스업,미혼,안정추구형,13925000
여,50대,10000만원미만,전문직,기혼,적극투자형,12062000
여,60대,10000만원미만,기타,기혼,안정형,17912000
여,20대,5000만원미만,기타,미혼,공격투자형,3595000
여,60대,1000만원미만,서비스업,미혼,적극투자형,710000
남,20대,10000만원미만,전문직,미혼,적극투자형,10438000
여,50대,10000만원미만,전문직,기혼,적극투자형,11744000
남,50대,3000만원미만,서비스업,기혼,적극투자형,5257000
남,40대,10000만원미만,기타,미혼,적극투자형,24729000
여,50대,5000만원미만,서비스업,미혼,안정추구형,2437000
여,60대,1000만원미만,자영업,미혼,위험중립형,764000
남,40대,3000만원미만,사무종사자,기혼,적극투자형,2317000
여,40대,5000만원미만,서비스업,미혼,안정형,4134000
남,60대,3000만원미만,서비스업,기혼,안정형,3418000
남,30대,1000만원미만,사무종사자,미혼,안정형,688000
여,50대,1000만원미만,기타,기혼,안정추구형,566000
남,50대,5000만원미만,서비스업,기혼,위험중립형,7540000
여,50대,10000만원미만,자영업,기혼,적극투자형,27844000
여,50대,10000만원이상,자영업,기혼,공격투자형,45158000
여,30대,1000만원미만,기타,기혼,적극투자형,1126000
여,60대,3000만원미만,서비스업,미혼,적극투자형,1978000
남,40대,3000만원미만,자영업,미혼,안정추구형,2010000
남,30대,5000만원미만,기타,기혼,안정형,9334000
남,30대,1000만원미만,서비스업,기혼,안정추구형,643000
남,50대,10000만원이상,서비스업,미혼,위험중립형,30826000
여,20대,1000만원미만,자영업,기혼,안정형,533000
여,40대,5000만원미만,전문직,미혼,안정추구형,9772000
여,30대,10000만원이상,자영업,미혼,공격투자형,27952000
여,60대,5000만원미만,자영업,기혼,안정형,6118000
남,50대,5000만원미만,서비스업,기혼,공격투자형,7624000
남,40대,5000만원미만,기타,기혼,적극투자형,4870000
여,40대,10000만원미만,자영업,미혼,적극투자형,14469000
남,40대,5000만원미만,자영업,기혼,공격투자형,6369000
남,20대,10000만원미만,전문직,기혼,안정추구형,20009000
여,40대,10000만원미만,전문직,기혼,적극투자형,23404000
남,40대,10000만원미만,사무종사자,기혼,적극투자형,30092000
여,40대,5000만원미만,서비스업,기혼,공격투자형,3511000
여,60대,10000만원이상,자영업,미혼,안정추구형,15269000
남,30대,3000만원미만,기타,기혼,적극투자형,3802000
여,40대,5000만원미만,서비스업,미혼,공격투자형,4418000
여,30대,3000만원미만,기타,미혼,위험중립형,1536000
여,60대,5000만원미만,사무종사자,기혼,위험중립형,3686000
남,60대,10000만원이상,자영업,기혼,적극투자형,49126000
남,40대,10000만원미만,기타,기혼,적극투자형,14537000
여,30대,3000만원미만,서비스업,미혼,적극투자형,2393000
여,40대,10000만원이상,서비스업,미혼,공격투자형,58585000
남,50대,1000만원미만,사무종사자,기혼,안정추구형,825000
남,30대,10000만원미만,기타,기혼,적극투자형,17229000
여,60대,5000만원미만,사무종사자,미혼,공격투자형,6919000
여,50대,1000만원미만,전문직,미혼,적극투자형,841000
남,20대,1000만원미만,서비스업,미혼,안정추구형,611000
여,40대,3000만원미만,자영업,기혼,안정형,873000
여,60대,10000만원미만,기타,기혼,공격투자형,9339000
여,60대,1000만원미만,사무종사자,기혼,안정형,706000
남,20대,3000만원미만,사무종사자,미혼,안정추구형,1678000
남,20대,5000만원미만,서비스업,기혼,위험중립형,3135000
남,40대,3000만원미만,전문직,기혼,위험중립형,2289000
여,40대,1000만원미만,자영업,기혼,공격투자형,990000
남,30대,1000만원미만,기타,기혼,안정형,462000
남,60대,10000만원미만,전문직,미혼,안정추구형,13127000
남,30대,1000만원미만,전문직,기혼,공격투자형,531000
남,50대,10000만원이상,서비스업,기혼,적극투자형,66106000
남,50대,10000만원미만,전문직,미혼,공격투자형,22838000
남,20대,3000만원미만,사무종사자,미혼,안정형,2896000
여,20대,3000만원미만,기타,기혼,위험중립형,1806000
여,40대,5000만원미만,기타,미혼,안정추구형,7795000
남,20대,1000만원미만,기타,기혼,위험중립형,500000
남,30대,5000만원미만,전문직,기혼,위험중립형,6334000
남,60대,1000만원미만,서비스업,기혼,위험중립형,1191000
여,40대,10000만원이상,전문직,미혼,위험중립형,24112000
여,30대,10000만원미만,사무종사자,미혼,위험중립형,23795000
여,60대,1000만원미만,자영업,기혼,위험중립형,618000
남,40대,3000만원미만,기타,기혼,적극투자형,3596000
남,30대,5000만원미만,자영업,기혼,적극투자형,7887000
여,40대,3000만원미만,기타,기혼,안정추구형,1443000
여,40대,3000만원미만,사무종사자,기혼,안정형,2486000
남,50대,10000만원이상,사무종사자,기혼,공격투자형,44650000
여,50대,10000만원미만,사무종사자,기혼,안정추구형,10733000
여,30대,3000만원미만,서비스업,기혼,위험중립형,1798000
여,40대,3000만원미만,전문직,기혼,적극투자형,1557000
여,60대,10000만원미만,전문직,기혼,적극투자형,23428000
남,30대,5000만원미만,사무종사자,기혼,위험중립형,9557000
남,30대,5000만원미만,기타,기혼,안정추구형,12374000
남,40대,5000만원미만,사무종사자,기혼,공격투자형,4395000
남,60대,10000만원미만,서비스업,기혼,안정형,12452000
여,30대,1000만원미만,서비스업,미혼,적극투자형,962000
남,40대,3000만원미만,전문직,기혼,공격투자형,1862000
여,30대,1000만원미만,기타,기혼,위험중립형,695000
남,20대,5000만원미만,서비스업,기혼,안정형,3491000
남,30대,5000만원미만,서비스업,미혼,적극투자형,8446000
남,40대,1000만원미만,기타,기혼,안정형,840000
남,50대,3000만원미만,자영업,미혼,위험중립형,1916000
여,40대,1000만원미만,전문직,미혼,공격투자형,1281000
여,50대,10000만원이상,기타,미혼,위험중립형,75788000
남,60대,1000만원미만,서비스업,미혼,안정추구형,660000
여,20대,3000만원미만,자영업,기혼,적극투자형,2373000
남,50대,10000만원미만,기타,기혼,안정형,17296000
남,30대,10000만원이상,사무종사자,기혼,위험중립형,43482000
남,30대,3000만원미만,사무종사자,미혼,안정형,2602000
남,20대,10000만원미만,기타,미혼,적극투자형,11296000
남,40대,3000만원미만,자영업,미혼,안정형,3525000
여,60대,1000만원미만,사무종사자,미혼,위험중립형,908000
여,30대,1000만원미만,자영업,기혼,위험중립형,1802000
남,50대,3000만원미만,기타,미혼,공격투자형,1549000
남,50대,1000만원미만,기타,미혼,안정추구형,1233000
남,40대,10000만원미만,사무종사자,기혼,적극투자형,16597000
남,30대,10000만원미만,사무종사자,기혼,적극투자형,13368000
남,20대,10000만원미만,전문직,미혼,위험중립형,15256000
여,60대,1000만원미만,서비스업,미혼,위험중립형,683000
여,30대,10000만원미만,서비스업,미혼,적극투자형,23319000
남,50대,5000만원미만,사무종사자,기혼,안정형,5018000
여,40대,1000만원미만,사무종사자,기혼,안정형,840000
여,50대,5000만원미만,서비스업,기혼,공격투자형,8632000
여,30대,3000만원미만,사무종사자,기혼,적극투자형,2267000
남,50대,5000만원미만,기타,기혼,공격투자형,7229000
여,60대,1000만원미만,자영업,기혼,위험중립형,1131000
여,50대,10000만원미만,서비스업,미혼,안정형,26024000
여,30대,10000만원미만,자영업,기혼,적극투자형,9486000
남,30대,10000만원미만,사무종사자,미혼,공격투자형,19667000
여,40대,1000만원미만,자영업,미혼,공격투자형,795000
여,50대,1000만원미만,자영업,기혼,공격투자형,981000
여,50대,5000만원미만,전문직,미혼,안정추구형,6772000
남,30대,10000만원미만,기타,기혼,위험중립형,15524000
여,40대,3000만원미만,서비스업,미혼,위험중립형,1668000
여,30대,10000만원미만,서비스업,기혼,적극투자형,15819000
남,50대,5000만원미만,기타,미혼,안정추구형,5762000
여,60대,5000만원미만,자영업,기혼,안정추구형,4105000
남,30대,3000만원미만,기타,기혼,안정형,3622000
여,60대,3000만원미만,기타,미혼,안정추구형,2052000
여,40대,10000만원이상,사무종사자,기혼,적극투자형,21322000
여,30대,1000만원미만,기타,미혼,공격투자형,455000
여,20대,3000만원미만,전문직,기혼,공격투자형,1752000
남,30대,5000만원미만,기타,미혼,안정형,8281000
남,60대,1000만원미만,사무종사자,미혼,위험중립형,647000
남,50대,3000만원미만,사무종사자,미혼,적극투자형,4533000
여,60대,10000만원미만,자영업,미혼,적극투자형,16940000
남,20대,3000만원미만,전문직,미혼,안정추구형,1846000
여,50대,10000만원미만,사무종사자,기혼,안정추구형,10912000
남,40대,10000만원미만,전문직,미혼,위험중립형,22804000
남,60대,5000만원미만,자영업,기혼,위험중립형,8625000
남,50대,5000만원미만,기타,미혼,적극투자형,6237000
여,40대,3000만원미만,기타,미혼,적극투자형,2428000
여,50대,10000만원미만,자영업,미혼,안정추구형,11229000
여,60대,3000만원미만,기타,미혼,공격투자형,2593000
남,20대,10000만원미만,서비스업,미혼,적극투자형,13445000
여,30대,3000만원미만,사무종사자,기혼,적극투자형,2208000
남,40대,1000만원미만,자영업,미혼,적극투자형,746000
여,30대,3000만원미만,사무종사자,기혼,공격투자형,4664000
여,40대,3000만원미만,기타,기혼,안정형,1096000
남,40대,5000만원미만,사무종사자,기혼,안정형,2935000
여,50대,3000만원미만,전문직,기혼,공격투자형,2427000
여,20대,5000만원미만,서비스업,기혼,안정형,5077000
남,60대,3000만원미만,사무종사자,미혼,안정추구형,1867000
여,30대,5000만원미만,서비스업,기혼,안정형,6870000
남,20대,3000만원미만,서비스업,기혼,공격투자형,1331000
여,50대,10000만원미만,서비스업,기혼,적극투자형,12461000
여,30대,3000만원미만,사무종사자,미혼,안정형,1831000
남,30대,1000만원미만,자영업,기혼,공격투자형,815000
여,30대,5000만원미만,사무종사자,기혼,안정형,5406000
남,30대,1000만원미만,기타,미혼,공격투자형,859000
여,50대,10000만원이상,자영업,기혼,안정추구형,68351000
여,30대,3000만원미만,사무종사자,미혼,위험중립형,2779000
남,60대,1000만원미만,사무종사자,기혼,안정추구형,751000
여,40대,5000만원미만,사무종사자,미혼,안정형,6917000
남,50대,1000만원미만,서비스업,기혼,공격투자형,1216000
여,60대,5000만원미만,사무종사자,기혼,위험중립형,4985000
남,60대,10000만원미만,사무종사자,미혼,적극투자형,9812000
남,40대,10000만원미만,전문직,기혼,안정추구형,6663000
여,50대,1000만원미만,사무종사자,기혼,적극투자형,989000
여,30대,1000만원미만,기타,미혼,안정형,743000
여,30대,3000만원미만,기타,기혼,위험중립형,2357000
여,40대,3000만원미만,자영업,미혼,안정형,1336000
남,30대,10000만원미만,사무종사자,기혼,위험중립형,9358000
여,40대,10000만원미만,서비스업,기혼,안정추구형,8059000
남,40대,1000만원미만,기타,기혼,적극투자형,933000
남,40대,3000만원미만,전문직,기혼,적극투자형,2832000
여,40대,5000만원미만,전문직,기혼,안정형,6802000
남,30대,10000만원미만,자영업,기혼,안정형,12701000
남,50대,5000만원미만,사무종사자,기혼,안정형,4700000
여,30대,3000만원미만,전문직,미혼,적극투자형,2099000
남,30대,5000만원미만,자영업,기혼,위험중립형,7176000
여,30대,3000만원미만,사무종사자,기혼,공격투자형,3298000
여,40대,1000만원미만,전문직,기혼,적극투자형,1621000
남,20대,3000만원미만,전문직,미혼,적극투자형,5150000
남,50대,5000만원미만,서비스업,기혼,공격투자형,4391000
남,30대,10000만원이상,자영업,기혼,안정형,28834000
여,30대,3000만원미만,자영업,기혼,적극투자형,3463000
남,50대,3000만원미만,서비스업,기혼,위험중립형,2397000
남,50대,1000만원미만,사무종사자,미혼,공격투자형,1087000
남,20대,10000만원이상,사무종사자,미혼,적극투자형,53961000
여,50대,1000만원미만,기타,기혼,위험중립형,460000
남,20대,3000만원미만,기타,미혼,안정형,1866000
여,60대,10000만원이상,전문직,미혼,안정형,21366000
남,30대,3000만원미만,사무종사자,기혼,공격투자형,3761000
여,40대,3000만원미만,전문직,미혼,공격투자형,2338000
여,40대,3000만원미만,자영업,미혼,위험중립형,2045000
남,30대,1000만원미만,서비스업,기혼,적극투자형,650000
여,50대,3000만원미만,전문직,기혼,공격투자형,2828000
남,60대,10000만원미만,자영업,미혼,공격투자형,16746000
여,30대,3000만원미만,사무종사자,기혼,공격투자형,1845000
여,20대,3000만원미만,자영업,기혼,안정형,2162000
남,30대,10000만원미만,자영업,미혼,적극투자형,18653000
남,30대,3000만원미만,전문직,기혼,위험중립형,3067000
남,20대,3000만원미만,서비스업,미혼,위험중립형,1681000
남,30대,3000만원미만,전문직,기혼,공격투자형,1198000
남,40대,3000만원미만,전문직,미혼,안정형,3443000
남,30대,10000만원이상,전문직,기혼,공격투자형,65960000
여,30대,10000만원이상,자영업,기혼,위험중립형,36601000
남,40대,5000만원미만,자영업,미혼,적극투자형,7142000
여,40대,3000만원미만,서비스업,기혼,안정형,3175000
남,40대,10000만원미만,사무종사자,기혼,안정추구형,7383000
남,20대,5000만원미만,사무종사자,기혼,안정추구형,5596000
여,40대,10000만원이상,자영업,기혼,공격투자형,37038000
여,50대,1000만원미만,서비스업,기혼,안정추구형,649000
남,60대,10000만원미만,기타,기혼,공격투자형,16901000
남,40대,5000만원미만,자영업,기혼,안정형,4793000
여,60대,1000만원미만,자영업,미혼,공격투자형,1139000
남,40대,1000만원미만,서비스업,기혼,안정형,1036000
남,60대,1000만원미만,기타,기혼,공격투자형,2094000
여,50대,10000만원이상,기타,기혼,위험중립형,40658000
여,30대,5000만원미만,서비스업,기혼,안정형,3758000
여,20대,3000만원미만,사무종사자,기혼,적극투자형,1713000
여,30대,5000만원미만,전문직,기혼,안정형,5735000
남,20대,10000만원미만,사무종사자,기혼,안정형,11679000
여,30대,1000만원미만,서비스업,기혼,위험중립형,857000
여,50대,5000만원미만,기타,기혼,공격투자형,4197000
여,40대,5000만원미만,기타,기혼,공격투자형,6030000
여,40대,5000만원미만,서비스업,기혼,안정추구형,4799000
남,50대,1000만원미만,기타,미혼,적극투자형,660000
남,50대,10000만원미만,전문직,기혼,공격투자형,34688000
남,50대,1000만원미만,자영업,기혼,안정추구형,932000
여,50대,10000만원미만,자영업,미혼,위험중립형,12815000
여,30대,5000만원미만,전문직,미혼,안정추구형,3442000
남,30대,5000만원미만,자영업,미혼,안정형,5141000
여,40대,3000만원미만,자영업,미혼,안정추구형,2663000
남,30대,3000만원미만,사무종사자,미혼,안정추구형,2011000
여,20대,3000만원미만,자영업,기혼,적극투자형,2877000
남,30대,3000만원미만,기타,기혼,안정형,2626000
남,50대,3000만원미만,전문직,기혼,적극투자형,2540000
남,60대,3000만원미만,기타,기혼,적극투자형,3164000
남,50대,3000만원미만,기타,미혼,위험중립형,2174000
여,50대,10000만원이상,사무종사자,기혼,위험중립형,37700000
남,20대,3000만원미만,사무종사자,기혼,적극투자형,2813000
여,30대,1000만원미만,전문직,기혼,위험중립형,555000
여,40대,3000만원미만,자영업,기혼,공격투자형,2573000
남,40대,3000만원미만,서비스업,기혼,안정추구형,3019000
여,30대,5000만원미만,전문직,미혼,적극투자형,9061000
남,60대,10000만원미만,기타,미혼,위험중립형,17912000
여,30대,5000만원미만,서비스업,기혼,안정추구형,6009000
남,50대,5000만원미만,서비스업,미혼,안정형,4728000
여,40대,5000만원미만,서비스업,기혼,공격투자형,8343000
남,60대,10000만원미만,기타,미혼,안정추구형,16239000
남,20대,3000만원미만,서비스업,미혼,안정추구형,1711000
여,50대,3000만원미만,자영업,기혼,안정형,1500000
남,50대,3000만원미만,전문직,기혼,위험중립형,2536000
여,50대,10000만원미만,전문직,미혼,적극투자형,19272000
여,20대,5000만원미만,자영업,기혼,안정형,7570000
남,30대,1000만원미만,서비스업,미혼,위험중립형,610000
여,40대,10000만원미만,사무종사자,미혼,안정추구형,18143000
여,40대,3000만원미만,전문직,기혼,적극투자형,1872000
남,30대,3000만원미만,서비스업,기혼,위험중립형,3640000
여,20대,3000만원미만,사무종사자,미혼,적극투자형,1669000
남,40대,5000만원미만,서비스업,기혼,적극투자형,3097000
여,60대,10000만원미만,기타,기혼,적극투자형,17552000
남,40대,10000만원미만,기타,기혼,위험중립형,15296000
여,30대,5000만원미만,서비스업,기혼,위험중립형,5482000
여,30대,10000만원미만,전문직,기혼,공격투자형,13750000
여,60대,3000만원미만,전문직,기혼,위험중립형,2102000
남,60대,1000만원미만,사무종사자,미혼,위험중립형,709000
여,20대,5000만원미만,기타,기혼,안정형,5423000
남,50대,1000만원미만,자영업,기혼,적극투자형,702000
여,50대,10000만원이상,전문직,기혼,적극투자형,28775000
남,30대,10000만원미만,서비스업,기혼,공격투자형,22136000
남,40대,3000만원미만,전문직,미혼,공격투자형,3747000
여,30대,5000만원미만,전문직,미혼,공격투자형,4537000
여,30대,10000만원미만,전문직,기혼,안정형,11873000
여,40대,5000만원미만,서비스업,기혼,위험중립형,5370000
여,50대,10000만원미만,전문직,미혼,적극투자형,6733000
남,30대,10000만원이상,전문직,기혼,위험중립형,62678000
남,20대,5000만원미만,서비스업,미혼,안정추구형,9260000
남,60대,3000만원미만,사무종사자,미혼,안정형,3579000
여,30대,3000만원미만,전문직,기혼,안정추구형,2636000
남,30대,1000만원미만,사무종사자,미혼,위험중립형,964000
남,50대,10000만원미만,자영업,기혼,안정추구형,16808000
남,40대,5000만원미만,전문직,기혼,안정추구형,6540000
남,50대,1000만원미만,기타,기혼,안정형,1172000
남,60대,1000만원미만,사무종사자,기혼,위험중립형,806000
남,30대,3000만원미만,기타,기혼,안정추구형,2919000
남,50대,10000만원이상,전문직,기혼,적극투자형,41451000
남,30대,10000만원이상,기타,기혼,안정추구형,39330000
여,30대,10000만원이상,기타,미혼,적극투자형,39785000
남,30대,3000만원미만,사무종사자,미혼,공격투자형,2999000
여,40대,5000만원미만,서비스업,기혼,적극투자형,8562000
여,50대,10000만원미만,전문직,기혼,적극투자형,34948000
남,30대,3000만원미만,서비스업,기혼,안정형,2445000
남,40대,10000만원미만,전문직,미혼,공격투자형,17777000
여,30대,3000만원미만,자영업,기혼,안정형,2379000
남,20대,5000만원미만,전문직,기혼,위험중립형,5944000
여,20대,10000만원이상,서비스업,미혼,위험중립형,20381000
여,60대,10000만원이상,자영업,기혼,안정추구형,22303000
남,30대,10000만원미만,기타,미혼,안정형,19046000
여,40대,3000만원미만,사무종사자,기혼,공격투자형,4793000
여,30대,3000만원미만,서비스업,기혼,위험중립형,1874000
여,40대,3000만원미만,전문직,기혼,안정추구형,1228000
여,20대,5000만원미만,서비스업,기혼,공격투자형,9816000
남,40대,10000만원미만,서비스업,기혼,적극투자형,17532000
여,30대,1000만원미만,사무종사자,미혼,안정추구형,761000
남,40대,3000만원미만,자영업,미혼,위험중립형,2727000
여,20대,5000만원미만,기타,미혼,안정형,3453000
여,50대,3000만원미만,기타,기혼,안정형,2224000
남,20대,3000만원미만,자영업,미혼,공격투자형,3014000
남,20대,10000만원미만,사무종사자,미혼,위험중립형,11172000
여,60대,3000만원미만,전문직,미혼,안정추구형,2639000
여,50대,5000만원미만,서비스업,미혼,적극투자형,5420000
남,40대,10000만원미만,전문직,미혼,공격투자형,21449000
남,50대,3000만원미만,기타,미혼,적극투자형,4183000
남,40대,10000만원미만,자영업,기혼,공격투자형,13855000
여,30대,10000만원미만,서비스업,미혼,안정추구형,13801000
남,20대,10000만원미만,서비스업,기혼,안정형,10185000
여,40대,10000만원이상,기타,미혼,공격투자형,31895000
여,50대,5000만원미만,사무종사자,미혼,안정추구형,7548000
남,20대,5000만원미만,서비스업,기혼,위험중립형,2868000
남,20대,3000만원미만,전문직,기혼,공격투자형,2820000
여,60대,5000만원미만,사무종사자,기혼,공격투자형,5829000
여,40대,10000만원이상,기타,기혼,안정추구형,41581000
여,30대,10000만원미만,사무종사자,기혼,안정추구형,13483000
여,30대,3000만원미만,전문직,미혼,안정추구형,1948000
남,60대,5000만원미만,자영업,기혼,적극투자형,7780000
남,30대,3000만원미만,사무종사자,기혼,공격투자형,2924000
남,50대,5000만원미만,사무종사자,기혼,적극투자형,3394000
여,40대,5000만원미만,기타,기혼,안정형,3797000
여,20대,10000만원이상,서비스업,기혼,안정형,69524000
남,30대,1000만원미만,자영업,미혼,안정형,584000
여,30대,10000만원미만,자영업,기혼,공격투자형,10315000
여,30대,5000만원미만,기타,미혼,위험중립형,3747000
여,60대,3000만원미만,전문직,기혼,위험중립형,3502000
여,50대,5000만원미만,기타,기혼,공격투자형,6430000
여,50대,10000만원이상,사무종사자,미혼,적극투자형,56805000
여,60대,10000만원미만,사무종사자,미혼,안정형,16057000
남,30대,1000만원미만,사무종사자,기혼,공격투자형,1129000
여,20대,10000만원이상,사무종사자,기혼,안정추구형,27837000
남,60대,3000만원미만,서비스업,기혼,안정형,2096000
남,50대,3000만원미만,기타,기혼,위험중립형,2074000
남,30대,5000만원미만,기타,기혼,안정추구형,6461000
여,30대,5000만원미만,서비스업,미혼,안정추구형,9144000
여,60대,10000만원이상,기타,미혼,위험중립형,41983000
남,30대,3000만원미만,기타,기혼,안정형,1355000
남,20대,1000만원미만,전문직,미혼,안정형,1036000
여,30대,1000만원미만,사무종사자,기혼,안정추구형,1067000
여,50대,3000만원미만,사무종사자,기혼,위험중립형,1927000
남,50대,5000만원미만,기타,기혼,안정추구형,8409000
남,30대,5000만원미만,자영업,미혼,위험중립형,9938000
남,30대,5000만원미만,기타,미혼,적극투자형,5360000
남,40대,1000만원미만,자영업,기혼,적극투자형,1329000
여,40대,1000만원미만,서비스업,기혼,공격투자형,691000
남,20대,5000만원미만,기타,미혼,공격투자형,3350000
여,20대,3000만원미만,자영업,기혼,적극투자형,2372000
여,50대,1000만원미만,서비스업,미혼,안정추구형,679000
여,40대,1000만원미만,서비스업,미혼,공격투자형,607000
남,20대,5000만원미만,전문직,기혼,적극투자형,4650000
남,50대,5000만원미만,기타,미혼,공격투자형,9364000
남,40대,10000만원미만,기타,미혼,공격투자형,29118000
여,50대,3000만원미만,전문직,기혼,적극투자형,2859000
남,50대,3000만원미만,기타,기혼,적극투자형,1985000
남,20대,1000만원미만,사무종사자,기혼,공격투자형,724000
남,40대,10000만원이상,자영업,미혼,안정형,31131000
남,30대,5000만원미만,서비스업,기혼,위험중립형,8124000
여,40대,5000만원미만,자영업,기혼,공격투자형,8606000
여,30대,3000만원미만,기타,기혼,안정추구형,2661000
남,60대,1000만원미만,서비스업,기혼,적극투자형,524000
여,50대,10000만원이상,기타,기혼,적극투자형,30768000
여,40대,5000만원미만,기타,기혼,공격투자형,5673000
여,40대,10000만원이상,자영업,기혼,공격투자형,49304000
남,60대,3000만원미만,전문직,기혼,공격투자형,3524000
남,50대,10000만원미만,전문직,기혼,적극투자형,14560000
여,40대,3000만원미만,전문직,미혼,위험중립형,2456000
여,30대,5000만원미만,자영업,기혼,위험중립형,5872000
여,40대,5000만원미만,서비스업,기혼,안정형,5153000
남,50대,3000만원미만,기타,기혼,안정형,2168000
여,50대,3000만원미만,자영업,기혼,적극투자형,2157000
남,60대,10000만원이상,사무종사자,미혼,공격투자형,79099000
남,50대,10000만원미만,서비스업,기혼,안정추구형,11906000
남,60대,10000만원이상,자영업,기혼,안정추구형,46608000
남,40대,3000만원미만,서비스업,미혼,위험중립형,896000
남,50대,1000만원미만,전문직,미혼,위험중립형,845000
여,20대,10000만원미만,자영업,미혼,안정추구형,15961000
여,50대,3000만원미만,기타,기혼,적극투자형,3041000
여,20대,3000만원미만,사무종사자,기혼,안정형,3085000
남,30대,10000만원미만,사무종사자,기혼,적극투자형,16323000
남,40대,5000만원미만,사무종사자,미혼,안정형,5866000
남,40대,10000만원미만,기타,기혼,적극투자형,15650000
남,40대,3000만원미만,자영업,미혼,적극투자형,2804000
남,20대,3000만원미만,사무종사자,기혼,공격투자형,3467000
여,50대,10000만원미만,서비스업,미혼,안정추구형,9262000
여,40대,5000만원미만,기타,기혼,안정추구형,5735000
남,50대,3000만원미만,기타,기혼,적극투자형,2892000
남,60대,3000만원미만,사무종사자,미혼,위험중립형,2473000
여,20대,10000만원미만,자영업,기혼,안정형,13124000
여,30대,5000만원미만,자영업,기혼,위험중립형,10016000
남,60대,3000만원미만,자영업,미혼,위험중립형,2274000
남,30대,10000만원이상,기타,미혼,적극투자형,57870000
남,30대,10000만원미만,사무종사자,기혼,적극투자형,8987000
여,30대,3000만원미만,전문직,미혼,적극투자형,2433000
여,20대,1000만원미만,기타,기혼,안정추구형,665000
여,30대,10000만원미만,전문직,기혼,공격투자형,18666000
여,30대,3000만원미만,서비스업,기혼,안정형,1486000
남,50대,5000만원미만,서비스업,기혼,안정추구형,5356000
여,40대,3000만원미만,서비스업,기혼,공격투자형,3194000
여,20대,3000만원미만,사무종사자,미혼,위험중립형,2602000
남,60대,3000만원미만,전문직,기혼,공격투자형,1986000
남,40대,10000만원미만,사무종사자,기혼,위험중립형,24487000
여,30대,10000만원미만,자영업,미혼,공격투자형,20606000
남,40대,3000만원미만,서비스업,기혼,안정형,2835000
여,60대,10000만원미만,기타,미혼,공격투자형,9512000
남,20대,5000만원미만,서비스업,기혼,공격투자형,6089000
남,30대,5000만원미만,전문직,미혼,위험중립형,5970000
여,20대,3000만원미만,전문직,기혼,공격투자형,2546000
남,60대,10000만원미만,사무종사자,미혼,적극투자형,8551000
여,30대,3000만원미만,전문직,기혼,안정형,2701000
남,50대,10000만원미만,자영업,기혼,안정추구형,16846000
남,30대,10000만원미만,전문직,미혼,안정형,20764000
남,50대,10000만원미만,기타,미혼,적극투자형,17420000
남,40대,3000만원미만,기타,기혼,위험중립형,4392000
남,40대,3000만원미만,기타,미혼,위험중립형,2366000
남,40대,10000만원이상,서비스업,기혼,안정형,32422000
남,40대,1000만원미만,서비스업,미혼,안정추구형,483000
여,40대,5000만원미만,기타,기혼,적극투자형,5792000
여,30대,3000만원미만,서비스업,기혼,공격투자형,2083000
여,20대,1000만원미만,기타,기혼,공격투자형,607000
여,20대,3000만원미만,기타,기혼,적극투자형,2828000
여,50대,3000만원미만,서비스업,기혼,공격투자형,2232000
남,60대,10000만원이상,사무종사자,기혼,공격투자형,80925000
남,60대,3000만원미만,기타,미혼,안정추구형,1838000
여,40대,3000만원미만,사무종사자,기혼,안정추구형,2264000
남,60대,5000만원미만,자영업,미혼,안정추구형,5643000
남,40대,1000만원미만,서비스업,기혼,적극투자형,875000
여,40대,1000만원미만,전문직,기혼,안정형,751000
여,60대,10000만원이상,서비스업,미혼,적극투자형,56797000
여,40대,10000만원미만,전문직,미혼,공격투자형,8618000
여,30대,10000만원이상,자영업,미혼,안정추구형,21708000
여,40대,1000만원미만,자영업,기혼,안정형,699000
여,30대,10000만원이상,기타,기혼,안정추구형,29172000
남,50대,10000만원미만,서비스업,기혼,안정추구형,14615000
여,40대,5000만원미만,전문직,미혼,안정추구형,7611000
남,60대,10000만원이상,사무종사자,기혼,공격투자형,30205000
남,50대,10000만원이상,기타,기혼,안정형,30249000
여,40대,10000만원이상,전문직,기혼,위험중립형,27190000
남,20대,1000만원미만,자영업,기혼,적극투자형,865000
남,60대,5000만원미만,사무종사자,기혼,안정추구형,9152000
남,30대,10000만원이상,사무종사자,미혼,적극투자형,53250000
여,50대,3000만원미만,자영업,기혼,적극투자형,3985000
남,60대,10000만원미만,기타,기혼,안정추구형,19628000
여,30대,5000만원미만,자영업,미혼,위험중립형,3242000
여,20대,5000만원미만,전문직,기혼,적극투자형,7424000
여,20대,5000만원미만,자영업,기혼,공격투자형,6172000
여,30대,3000만원미만,자영업,기혼,공격투자형,3350000
남,30대,1000만원미만,기타,미혼,안정추구형,372000
남,20대,3000만원미만,전문직,미혼,안정형,2552000
여,60대,10000만원미만,서비스업,기혼,공격투자형,10012000
여,20대,1000만원미만,전문직,기혼,공격투자형,663000
남,30대,1000만원미만,자영업,미혼,안정추구형,727000
여,30대,3000만원미만,서비스업,기혼,안정형,1022000
남,50대,5000만원미만,사무종사자,기혼,공격투자형,6699000
남,20대,3000만원미만,기타,기혼,적극투자형,1703000
남,40대,10000만원미만,자영업,미혼,안정추구형,12322000
남,40대,10000만원미만,서비스업,미혼,공격투자형,26467000
남,30대,3000만원미만,사무종사자,기혼,공격투자형,4104000
여,30대,10000만원미만,사무종사자,기혼,안정형,8943000
남,50대,3000만원미만,자영업,기혼,안정추구형,2236000
남,40대,3000만원미만,전문직,기혼,안정형,3076000
남,60대,10000만원이상,사무종사자,기혼,안정형,40295000
남,20대,10000만원미만,서비스업,기혼,적극투자형,21251000
남,20대,10000만원미만,기타,미혼,적극투자형,15502000
남,20대,10000만원이상,자영업,기혼,공격투자형,39948000
여,60대,3000만원미만,전문직,미혼,적극투자형,2140000
남,50대,1000만원미만,사무종사자,미혼,안정형,671000
남,30대,5000만원미만,서비스업,기혼,안정형,6936000
남,40대,3000만원미만,기타,미혼,위험중립형,1239000
여,30대,10000만원미만,기타,기혼,위험중립형,17090000
남,30대,10000만원이상,기타,기혼,공격투자형,46797000
남,50대,5000만원미만,전문직,기혼,안정형,5164000
남,40대,10000만원이상,서비스업,기혼,공격투자형,32942000
남,50대,3000만원미만,사무종사자,미혼,적극투자형,2156000
남,40대,10000만원미만,기타,미혼,안정형,12461000
남,50대,10000만원미만,전문직,기혼,적극투자형,22479000
여,60대,10000만원미만,기타,기혼,안정추구형,10700000
남,60대,5000만원미만,기타,기혼,안정형,6137000
여,40대,10000만원이상,사무종사자,미혼,적극투자형,24649000
남,60대,5000만원미만,전문직,기혼,안정형,6079000
남,40대,3000만원미만,전문직,미혼,적극투자형,3659000
여,40대,3000만원미만,전문직,기혼,안정형,5409000
여,20대,3000만원미만,전문직,기혼,안정추구형,2693000
여,60대,5000만원미만,사무종사자,기혼,위험중립형,5204000
남,50대,10000만원미만,자영업,미혼,위험중립형,17781000
여,50대,10000만원미만,전문직,미혼,안정형,16162000
여,20대,3000만원미만,서비스업,기혼,위험중립형,1739000
남,20대,5000만원미만,전문직,미혼,공격투자형,6310000
남,20대,3000만원미만,사무종사자,기혼,위험중립형,1955000
여,50대,3000만원미만,기타,기혼,공격투자형,3250000
남,60대,5000만원미만,서비스업,미혼,안정추구형,2639000
여,40대,5000만원미만,서비스업,기혼,공격투자형,6351000
여,50대,5000만원미만,사무종사자,기혼,안정추구형,4466000
여,50대,1000만원미만,서비스업,기혼,공격투자형,666000
남,60대,10000만원이상,자영업,기혼,안정추구형,36639000
여,40대,10000만원미만,기타,기혼,안정형,10160000
남,40대,10000만원이상,전문직,기혼,공격투자형,73111000
남,20대,10000만원이상,기타,기혼,안정형,28348000
여,40대,3000만원미만,기타,미혼,안정추구형,1663000
여,30대,5000만원미만,전문직,기혼,공격투자형,4072000
남,20대,3000만원미만,사무종사자,기혼,위험중립형,1721000
남,20대,5000만원미만,서비스업,미혼,적극투자형,4015000
남,30대,10000만원이상,기타,미혼,안정추구형,42129000
남,40대,5000만원미만,기타,미혼,적극투자형,6129000
여,50대,1000만원미만,기타,기혼,위험중립형,1542000
남,30대,5000만원미만,기타,기혼,안정형,1938000
남,50대,10000만원이상,기타,기혼,공격투자형,47223000
여,40대,10000만원미만,전문직,기혼,적극투자형,9933000
여,50대,10000만원이상,서비스업,기혼,공격투자형,36778000
남,50대,1000만원미만,기타,기혼,위험중립형,564000
남,30대,10000만원미만,자영업,미혼,적극투자형,16218000
여,60대,3000만원미만,사무종사자,기혼,안정형,2582000
남,20대,3000만원미만,전문직,기혼,적극투자형,3504000
남,20대,3000만원미만,사무종사자,기혼,안정추구형,3123000
여,40대,1000만원미만,사무종사자,미혼,위험중립형,739000
여,60대,3000만원미만,자영업,기혼,안정추구형,1793000
남,30대,5000만원미만,자영업,미혼,위험중립형,5240000
여,40대,1000만원미만,자영업,미혼,위험중립형,713000
여,60대,3000만원미만,자영업,기혼,적극투자형,2545000
여,40대,3000만원미만,사무종사자,기혼,안정추구형,1281000
남,40대,10000만원미만,기타,미혼,안정추구형,14899000
여,60대,10000만원미만,전문직,미혼,위험중립형,23949000
남,60대,5000만원미만,사무종사자,미혼,안정추구형,5293000
여,30대,10000만원미만,기타,기혼,적극투자형,16550000
여,20대,1000만원미만,전문직,기혼,안정형,840000
여,40대,10000만원이상,사무종사자,기혼,위험중립형,22315000
여,40대,10000만원미만,서비스업,미혼,위험중립형,18648000
남,50대,1000만원미만,서비스업,기혼,안정추구형,1032000
여,30대,3000만원미만,기타,기혼,공격투자형,3968000
남,40대,3000만원미만,기타,미혼,적극투자형,1970000
여,50대,3000만원미만,서비스업,기혼,안정형,3041000
남,60대,10000만원미만,서비스업,기혼,공격투자형,16444000
남,40대,3000만원미만,기타,기혼,안정추구형,2706000
여,40대,3000만원미만,전문직,기혼,위험중립형,1837000
남,40대,3000만원미만,사무종사자,기혼,위험중립형,5679000
여,40대,5000만원미만,자영업,기혼,안정형,5728000
여,50대,5000만원미만,서비스업,기혼,적극투자형,9837000
여,30대,10000만원미만,사무종사자,미혼,안정추구형,9519000
여,60대,10000만원미만,서비스업,미혼,적극투자형,27202000
남,60대,10000만원이상,기타,미혼,안정추구형,44303000
남,30대,3000만원미만,기타,기혼,적극투자형,2235000
남,20대,3000만원미만,전문직,기혼,안정형,1723000
남,20대,5000만원미만,기타,기혼,안정추구형,4342000
남,60대,3000만원미만,기타,기혼,안정추구형,1949000
여,20대,3000만원미만,사무종사자,미혼,안정형,1596000
남,30대,10000만원미만,기타,기혼,안정형,19658000
남,50대,10000만원미만,전문직,미혼,안정형,15936000
여,60대,1000만원미만,기타,기혼,위험중립형,694000
여,20대,1000만원미만,기타,기혼,적극투자형,735000
남,40대,10000만원이상,자영업,미혼,위험중립형,47071000
남,50대,10000만원이상,서비스업,기혼,공격투자형,49734000
여,50대,10000만원이상,전문직,기혼,위험중립형,34593000
여,30대,10000만원미만,기타,기혼,적극투자형,16611000
남,40대,3000만원미만,기타,기혼,공격투자형,1968000
남,60대,5000만원미만,사무종사자,기혼,공격투자형,4193000
여,60대,1000만원미만,전문직,기혼,안정형,563000
남,40대,5000만원미만,사무종사자,기혼,적극투자형,6937000
여,50대,3000만원미만,서비스업,기혼,공격투자형,3832000
여,50대,5000만원미만,자영업,미혼,적극투자형,7294000
남,40대,1000만원미만,사무종사자,기혼,공격투자형,748000
여,40대,1000만원미만,서비스업,미혼,위험중립형,427000
남,50대,1000만원미만,기타,미혼,위험중립형,839000
남,50대,1000만원미만,기타,미혼,안정추구형,338000
여,50대,5000만원미만,자영업,기혼,안정추구형,7500000
남,40대,10000만원이상,자영업,기혼,적극투자형,37045000
여,20대,10000만원미만,사무종사자,기혼,안정추구형,26409000
여,40대,3000만원미만,서비스업,기혼,공격투자형,4354000
남,40대,10000만원미만,사무종사자,기혼,안정형,20240000
남,20대,5000만원미만,서비스업,기혼,공격투자형,5996000
남,50대,5000만원미만,서비스업,기혼,안정추구형,7306000
여,50대,1000만원미만,기타,기혼,안정추구형,566000
남,40대,5000만원미만,기타,기혼,안정추구형,6502000
여,50대,5000만원미만,서비스업,미혼,적극투자형,4463000
여,30대,3000만원미만,기타,미혼,안정추구형,2067000
여,50대,1000만원미만,자영업,기혼,안정형,646000
남,40대,1000만원미만,자영업,미혼,안정추구형,1267000
남,20대,10000만원이상,전문직,기혼,안정추구형,70422000
남,50대,3000만원미만,기타,미혼,안정추구형,2570000
남,40대,10000만원미만,사무종사자,미혼,공격투자형,16968000
남,40대,3000만원미만,서비스업,미혼,위험중립형,3094000
남,30대,3000만원미만,기타,기혼,위험중립형,1751000
여,60대,10000만원미만,서비스업,기혼,적극투자형,18190000
남,30대,3000만원미만,자영업,기혼,공격투자형,1823000
남,40대,5000만원미만,사무종사자,기혼,안정형,3405000
남,20대,3000만원미만,기타,기혼,공격투자형,983000
남,20대,10000만원이상,기타,미혼,안정추구형,17621000
여,30대,5000만원미만,전문직,미혼,위험중립형,5096000
남,60대,10000만원미만,전문직,미혼,안정추구형,19612000
여,30대,1000만원미만,전문직,기혼,적극투자형,636000
여,60대,3000만원미만,전문직,기혼,적극투자형,3568000
남,40대,3000만원미만,자영업,기혼,공격투자형,3146000
남,40대,1000만원미만,자영업,기혼,공격투자형,629000
여,30대,10000만원미만,자영업,기혼,안정형,17466000
여,30대,10000만원이상,기타,미혼,공격투자형,39156000
남,30대,10000만원미만,사무종사자,기혼,위험중립형,27917000
여,50대,10000만원미만,전문직,기혼,적극투자형,8280000
남,30대,3000만원미만,기타,기혼,위험중립형,2305000
여,60대,3000만원미만,사무종사자,미혼,안정추구형,2130000
여,20대,1000만원미만,자영업,미혼,안정형,1100000
여,20대,1000만원미만,자영업,미혼,위험중립형,1031000
여,40대,3000만원미만,서비스업,미혼,안정추구형,2183000
여,50대,5000만원미만,서비스업,기혼,안정형,4012000
남,20대,3000만원미만,기타,기혼,안정추구형,2312000
남,40대,5000만원미만,서비스업,기혼,안정형,9467000
남,60대,1000만원미만,기타,미혼,안정추구형,771000
여,50대,10000만원미만,기타,기혼,안정형,21652000
남,60대,1000만원미만,기타,기혼,안정형,736000
여,40대,10000만원미만,자영업,미혼,안정형,16880000
여,40대,1000만원미만,서비스업,기혼,안정추구형,704000
여,20대,3000만원미만,기타,기혼,공격투자형,2255000
남,30대,1000만원미만,전문직,미혼,공격투자형,985000
남,60대,3000만원미만,전문직,기혼,안정형,1992000
남,40대,10000만원미만,기타,기혼,위험중립형,19703000
남,50대,5000만원미만,기타,기혼,안정추구형,2438000
남,30대,3000만원미만,전문직,기혼,위험중립형,4309000
여,30대,10000만원미만,서비스업,기혼,안정추구형,18331000
남,20대,1000만원미만,서비스업,미혼,안정형,910000
여,40대,3000만원미만,전문직,미혼,안정추구형,2859000
여,30대,3000만원미만,서비스업,기혼,적극투자형,3139000
남,30대,1000만원미만,사무종사자,기혼,위험중립형,924000
여,40대,1000만원미만,사무종사자,미혼,안정추구형,602000
남,60대,3000만원미만,자영업,기혼,공격투자형,3278000
남,60대,10000만원미만,전문직,기혼,안정추구형,11496000
여,40대,1000만원미만,자영업,기혼,적극투자형,925000
남,20대,10000만원이상,전문직,기혼,적극투자형,48923000
여,50대,5000만원미만,자영업,기혼,공격투자형,7455000
남,40대,3000만원미만,기타,기혼,안정형,2265000
여,30대,1000만원미만,기타,기혼,공격투자형,881000
여,60대,10000만원이상,사무종사자,미혼,안정추구형,53169000
남,30대,10000만원미만,서비스업,기혼,안정형,16806000
남,50대,5000만원미만,전문직,기혼,안정추구형,5315000
여,50대,10000만원이상,자영업,미혼,적극투자형,71225000
여,30대,3000만원미만,전문직,미혼,공격투자형,2361000
남,40대,3000만원미만,서비스업,기혼,적극투자형,3545000
남,50대,3000만원미만,서비스업,기혼,적극투자형,2160000
여,30대,5000만원미만,기타,기혼,안정추구형,4431000
남,30대,1000만원미만,사무종사자,미혼,적극투자형,894000
여,50대,10000만원이상,서비스업,기혼,공격투자형,37709000
남,50대,1000만원미만,기타,기혼,안정형,1651000
남,50대,5000만원미만,사무종사자,기혼,공격투자형,7965000
여,30대,3000만원미만,사무종사자,기혼,안정추구형,2419000
여,30대,5000만원미만,자영업,미혼,안정추구형,4498000
여,40대,1000만원미만,자영업,기혼,적극투자형,1289000
여,60대,3000만원미만,기타,미혼,안정형,1708000
여,40대,1000만원미만,서비스업,미혼,공격투자형,1123000
여,50대,3000만원미만,전문직,기혼,안정형,2018000
여,30대,5000만원미만,서비스업,기혼,위험중립형,3405000
남,50대,10000만원미만,기타,미혼,적극투자형,16586000
여,60대,5000만원미만,사무종사자,기혼,안정형,10593000
여,60대,5000만원미만,서비스업,기혼,안정추구형,4914000
남,30대,3000만원미만,서비스업,기혼,안정형,2624000
남,30대,10000만원미만,기타,기혼,안정형,18374000
여,40대,5000만원미만,전문직,기혼,안정추구형,11548000
여,40대,5000만원미만,기타,기혼,안정형,6442000
남,30대,3000만원미만,전문직,기혼,위험중립형,4119000
여,20대,5000만원미만,사무종사자,미혼,공격투자형,6220000
남,60대,1000만원미만,사무종사자,기혼,위험중립형,673000
남,50대,1000만원미만,서비스업,기혼,적극투자형,540000
여,40대,10000만원이상,자영업,기혼,안정추구형,28868000
여,20대,5000만원미만,서비스업,기혼,안정추구형,4441000
남,40대,10000만원미만,서비스업,기혼,안정형,8297000
남,40대,1000만원미만,사무종사자,미혼,안정형,943000
여,50대,5000만원미만,기타,기혼,안정형,7454000
여,30대,1000만원미만,자영업,기혼,위험중립형,916000
여,30대,1000만원미만,기타,기혼,적극투자형,464000
남,40대,3000만원미만,자영업,기혼,안정추구형,1668000
여,50대,10000만원미만,기타,미혼,안정형,10173000
여,30대,10000만원미만,자영업,기혼,적극투자형,16593000
여,30대,1000만원미만,전문직,기혼,위험중립형,794000
남,50대,10000만원미만,기타,미혼,안정추구형,34262000
여,40대,3000만원미만,서비스업,기혼,안정추구형,2849000
남,20대,3000만원미만,기타,기혼,적극투자형,3043000
남,30대,3000만원미만,기타,미혼,위험중립형,1769000
남,50대,5000만원미만,전문직,미혼,적극투자형,7232000
여,20대,3000만원미만,자영업,미혼,위험중립형,2387000
여,60대,10000만원이상,기타,기혼,위험중립형,31654000
남,50대,1000만원미만,사무종사자,미혼,적극투자형,750000
여,30대,3000만원미만,서비스업,기혼,위험중립형,3582000
남,20대,1000만원미만,자영업,기혼,위험중립형,943000
여,50대,1000만원미만,서비스업,기혼,적극투자형,827000
남,20대,5000만원미만,자영업,미혼,적극투자형,11761000
남,40대,5000만원미만,전문직,미혼,적극투자형,5878000
남,50대,5000만원미만,전문직,기혼,공격투자형,4108000
여,20대,5000만원미만,사무종사자,기혼,공격투자형,4348000
여,50대,1000만원미만,자영업,미혼,공격투자형,617000
여,20대,5000만원미만,기타,기혼,위험중립형,3596000
여,60대,5000만원미만,기타,미혼,적극투자형,4753000
남,40대,5000만원미만,자영업,기혼,적극투자형,5435000
여,40대,1000만원미만,자영업,기혼,안정추구형,722000
여,60대,3000만원미만,자영업,기혼,안정추구형,3113000
여,60대,5000만원미만,자영업,기혼,안정형,6017000
남,30대,5000만원미만,자영업,기혼,적극투자형,10314000
여,20대,5000만원미만,서비스업,미혼,안정형,4264000
남,60대,3000만원미만,사무종사자,기혼,위험중립형,2519000
남,30대,10000만원미만,자영업,기혼,적극투자형,15739000
여,40대,10000만원이상,전문직,미혼,안정추구형,27607000
남,50대,3000만원미만,서비스업,미혼,공격투자형,1604000
남,50대,3000만원미만,전문직,기혼,적극투자형,2644000
여,40대,10000만원이상,서비스업,기혼,안정형,41975000
여,60대,1000만원미만,전문직,기혼,안정추구형,1017000
여,60대,1000만원미만,자영업,미혼,적극투자형,477000
여,30대,5000만원미만,자영업,기혼,안정추구형,3715000
여,60대,5000만원미만,서비스업,기혼,안정형,6404000
남,40대,5000만원미만,기타,미혼,안정추구형,5368000
남,30대,5000만원미만,자영업,기혼,적극투자형,4124000
남,40대,3000만원미만,서비스업,기혼,공격투자형,5196000
남,30대,3000만원미만,사무종사자,미혼,위험중립형,2705000
여,60대,5000만원미만,기타,미혼,안정형,7855000
여,60대,10000만원미만,기타,미혼,위험중립형,11159000
남,30대,1000만원미만,사무종사자,기혼,안정형,793000
여,30대,3000만원미만,사무종사자,미혼,공격투자형,2103000
여,20대,3000만원미만,사무종사자,기혼,공격투자형,2412000
여,20대,3000만원미만,전문직,기혼,공격투자형,2253000
남,30대,5000만원미만,자영업,미혼,안정형,5996000
남,20대,3000만원미만,사무종사자,미혼,공격투자형,5190000
여,60대,5000만원미만,사무종사자,기혼,공격투자형,4271000
여,60대,5000만원미만,사무종사자,기혼,안정추구형,4697000
남,30대,3000만원미만,전문직,기혼,안정추구형,1191000
남,20대,3000만원미만,사무종사자,기혼,위험중립형,1241000
남,30대,5000만원미만,사무종사자,기혼,안정추구형,5446000
여,50대,5000만원미만,서비스업,기혼,위험중립형,6866000
여,30대,1000만원미만,서비스업,기혼,적극투자형,822000
여,40대,3000만원미만,자영업,기혼,위험중립형,1851000
여,30대,3000만원미만,서비스업,기혼,공격투자형,1824000
남,30대,5000만원미만,사무종사자,미혼,위험중립형,5979000
여,30대,1000만원미만,서비스업,기혼,공격투자형,766000
남,60대,5000만원미만,기타,미혼,공격투자형,2892000
여,30대,5000만원미만,기타,미혼,적극투자형,8672000
남,20대,10000만원미만,기타,기혼,안정추구형,11162000
남,50대,10000만원이상,기타,기혼,안정추구형,16668000
여,50대,5000만원미만,사무종사자,미혼,안정형,4167000
남,30대,5000만원미만,사무종사자,기혼,공격투자형,15163000
여,60대,1000만원미만,기타,기혼,공격투자형,974000
여,20대,3000만원미만,자영업,기혼,적극투자형,5296000
남,60대,3000만원미만,서비스업,기혼,안정추구형,3382000
남,40대,1000만원미만,전문직,미혼,적극투자형,1250000
남,20대,3000만원미만,자영업,기혼,적극투자형,2151000
여,30대,5000만원미만,자영업,기혼,위험중립형,6182000
여,50대,10000만원이상,기타,미혼,안정형,23876000
남,60대,10000만원이상,자영업,미혼,안정추구형,33382000
남,40대,5000만원미만,전문직,기혼,안정추구형,4576000
여,60대,5000만원미만,기타,미혼,안정형,3569000
남,40대,5000만원미만,전문직,미혼,공격투자형,11074000
여,30대,10000만원미만,서비스업,기혼,안정형,7991000
여,20대,3000만원미만,기타,기혼,안정형,1624000
남,40대,1000만원미만,사무종사자,미혼,적극투자형,912000
여,40대,5000만원미만,사무종사자,미혼,공격투자형,13333000
남,40대,1000만원미만,사무종사자,기혼,안정형,440000
여,20대,10000만원이상,서비스업,미혼,위험중립형,34003000
여,40대,3000만원미만,기타,미혼,위험중립형,2211000
남,60대,5000만원미만,기타,기혼,공격투자형,7975000
남,50대,10000만원이상,사무종사자,미혼,안정추구형,30338000
남,20대,5000만원미만,자영업,기혼,위험중립형,4803000
남,40대,1000만원미만,사무종사자,미혼,공격투자형,966000
남,50대,5000만원미만,기타,미혼,적극투자형,6164000
여,60대,10000만원미만,전문직,기혼,적극투자형,27363000
남,30대,1000만원미만,서비스업,기혼,안정형,496000
여,40대,10000만원미만,기타,미혼,안정추구형,19144000
남,50대,10000만원미만,사무종사자,미혼,안정형,16513000
남,30대,3000만원미만,사무종사자,기혼,공격투자형,3838000
여,20대,1000만원미만,사무종사자,미혼,공격투자형,381000
여,50대,3000만원미만,서비스업,기혼,공격투자형,4632000
남,30대,5000만원미만,자영업,미혼,공격투자형,8389000
남,40대,10000만원미만,서비스업,기혼,안정추구형,14761000
여,40대,1000만원미만,서비스업,미혼,위험중립형,1458000
여,20대,5000만원미만,서비스업,기혼,공격투자형,8555000
남,60대,1000만원미만,자영업,미혼,안정형,1137000
남,30대,5000만원미만,기타,미혼,안정추구형,7572000
여,50대,10000만원이상,서비스업,미혼,공격투자형,40350000
남,60대,1000만원미만,서비스업,미혼,안정추구형,888000
여,20대,10000만원이상,서비스업,기혼,적극투자형,27719000
여,50대,5000만원미만,서비스업,기혼,안정추구형,5001000
남,40대,3000만원미만,서비스업,기혼,적극투자형,3014000
남,30대,5000만원미만,서비스업,미혼,공격투자형,13898000
남,30대,10000만원미만,자영업,기혼,적극투자형,17652000
여,40대,3000만원미만,사무종사자,미혼,위험중립형,1965000
여,50대,10000만원미만,전문직,미혼,위험중립형,14399000
여,60대,5000만원미만,기타,미혼,공격투자형,5756000
남,30대,3000만원미만,자영업,미혼,적극투자형,1821000
남,40대,1000만원미만,기타,미혼,적극투자형,609000
여,40대,1000만원미만,사무종사자,미혼,위험중립형,485000
여,30대,1000만원미만,기타,미혼,공격투자형,1549000
남,30대,3000만원미만,서비스업,기혼,적극투자형,2801000
남,20대,10000만원이상,자영업,미혼,위험중립형,21682000
여,40대,3000만원미만,기타,미혼,공격투자형,3557000
남,20대,5000만원미만,전문직,미혼,적극투자형,4951000
여,30대,10000만원미만,기타,미혼,안정추구형,14364000
남,40대,3000만원미만,기타,기혼,안정형,1906000
남,20대,10000만원미만,사무종사자,기혼,적극투자형,16643000
여,20대,10000만원미만,자영업,미혼,안정형,11118000
남,50대,10000만원미만,기타,기혼,안정형,10029000
남,60대,10000만원미만,기타,미혼,위험중립형,18535000
남,30대,5000만원미만,사무종사자,기혼,적극투자형,6057000
여,40대,3000만원미만,기타,기혼,위험중립형,1840000
남,30대,1000만원미만,자영업,미혼,공격투자형,1421000
남,50대,10000만원이상,자영업,기혼,안정추구형,70131000
남,20대,10000만원이상,전문직,기혼,적극투자형,51771000
여,30대,1000만원미만,자영업,기혼,공격투자형,1489000
남,30대,1000만원미만,자영업,기혼,안정형,505000
여,30대,10000만원미만,전문직,기혼,안정형,14082000
여,60대,3000만원미만,사무종사자,기혼,안정형,1929000
남,60대,5000만원미만,기타,기혼,위험중립형,5219000
남,40대,5000만원미만,사무종사자,기혼,안정추구형,8791000
여,20대,3000만원미만,전문직,미혼,적극투자형,3230000
여,30대,10000만원미만,자영업,기혼,공격투자형,20828000
남,60대,1000만원미만,전문직,미혼,위험중립형,2157000
여,40대,1000만원미만,전문직,기혼,위험중립형,971000
여,60대,3000만원미만,자영업,미혼,공격투자형,2860000
여,30대,3000만원미만,자영업,기혼,위험중립형,2658000
남,40대,3000만원미만,자영업,기혼,위험중립형,2084000
여,30대,3000만원미만,사무종사자,기혼,공격투자형,1810000
여,60대,3000만원미만,자영업,기혼,안정추구형,2365000
남,60대,10000만원이상,전문직,기혼,안정형,32936000
남,40대,3000만원미만,자영업,기혼,공격투자형,2658000
여,40대,5000만원미만,전문직,기혼,안정형,3580000
여,60대,1000만원미만,자영업,미혼,안정형,585000
여,30대,3000만원미만,자영업,미혼,안정형,1764000
여,60대,1000만원미만,사무종사자,기혼,안정추구형,891000
남,20대,5000만원미만,기타,미혼,적극투자형,4862000
남,30대,3000만원미만,자영업,미혼,안정추구형,2705000
여,50대,5000만원미만,자영업,기혼,적극투자형,5008000
남,50대,3000만원미만,서비스업,기혼,위험중립형,1833000
남,30대,10000만원이상,전문직,기혼,적극투자형,47713000
여,50대,10000만원이상,서비스업,기혼,공격투자형,61008000
남,40대,5000만원미만,전문직,기혼,공격투자형,10286000
남,40대,10000만원미만,기타,미혼,안정추구형,12810000
여,30대,5000만원미만,전문직,기혼,안정추구형,5201000
남,40대,5000만원미만,자영업,기혼,안정형,4480000
남,60대,3000만원미만,전문직,기혼,적극투자형,2382000
여,50대,10000만원미만,서비스업,기혼,안정추구형,12437000
여,20대,1000만원미만,사무종사자,기혼,안정추구형,999000
남,30대,5000만원미만,사무종사자,기혼,공격투자형,7641000
남,60대,1000만원미만,자영업,미혼,적극투자형,951000
남,30대,10000만원이상,자영업,기혼,안정추구형,55938000
남,60대,10000만원미만,자영업,기혼,안정형,13576000
남,30대,3000만원미만,전문직,미혼,적극투자형,4175000
남,30대,1000만원미만,자영업,기혼,위험중립형,652000
여,60대,3000만원미만,서비스업,미혼,안정추구형,2547000
남,50대,10000만원이상,사무종사자,미혼,위험중립형,38102000
남,60대,3000만원미만,자영업,미혼,안정추구형,2739000
여,60대,1000만원미만,사무종사자,미혼,안정추구형,498000
여,20대,1000만원미만,사무종사자,미혼,위험중립형,553000
남,30대,3000만원미만,사무종사자,미혼,공격투자형,3633000
남,20대,1000만원미만,자영업,미혼,공격투자형,1123000
여,30대,3000만원미만,자영업,미혼,안정추구형,3647000
여,30대,5000만원미만,자영업,기혼,안정추구형,4027000
남,30대,1000만원미만,기타,미혼,안정추구형,999000
여,30대,3000만원미만,자영업,기혼,안정형,2170000
남,30대,3000만원미만,자영업,미혼,위험중립형,2100000
여,30대,1000만원미만,자영업,기혼,위험중립형,630000
남,50대,10000만원미만,사무종사자,기혼,공격투자형,28342000
남,50대,5000만원미만,서비스업,미혼,적극투자형,7760000
여,20대,3000만원미만,자영업,미혼,공격투자형,3418000
여,30대,3000만원미만,서비스업,미혼,적극투자형,1293000
남,30대,3000만원미만,서비스업,기혼,공격투자형,2821000
남,60대,5000만원미만,전문직,기혼,적극투자형,6410000
여,40대,1000만원미만,서비스업,기혼,공격투자형,623000
여,40대,5000만원미만,자영업,기혼,안정형,5591000
여,30대,3000만원미만,사무종사자,기혼,안정형,1587000
여,20대,3000만원미만,기타,기혼,안정추구형,2953000
남,40대,5000만원미만,기타,기혼,적극투자형,5937000
남,40대,5000만원미만,전문직,기혼,적극투자형,7977000
여,60대,10000만원미만,전문직,기혼,안정추구형,20732000
남,50대,3000만원미만,사무종사자,기혼,위험중립형,2609000
여,40대,10000만원이상,기타,미혼,안정형,33592000
여,20대,3000만원미만,사무종사자,기혼,적극투자형,5318000
여,60대,5000만원미만,사무종사자,미혼,공격투자형,7715000
남,30대,1000만원미만,전문직,미혼,안정추구형,1400000
남,40대,3000만원미만,전문직,기혼,적극투자형,2886000
남,40대,5000만원미만,서비스업,기혼,안정형,9252000
여,40대,5000만원미만,전문직,기혼,안정형,3333000
남,40대,3000만원미만,전문직,미혼,공격투자형,3885000
여,60대,3000만원미만,기타,미혼,공격투자형,2302000
남,30대,5000만원미만,사무종사자,기혼,안정추구형,3409000
여,60대,3000만원미만,서비스업,미혼,안정형,3012000
여,40대,10000만원이상,전문직,미혼,안정형,37077000
여,60대,3000만원미만,전문직,기혼,적극투자형,1550000
남,50대,3000만원미만,전문직,기혼,적극투자형,3087000
남,50대,3000만원미만,사무종사자,미혼,안정추구형,994000
남,30대,5000만원미만,자영업,기혼,공격투자형,8866000
남,60대,3000만원미만,자영업,기혼,안정추구형,1570000
여,20대,10000만원이상,전문직,기혼,안정추구형,58656000
남,30대,10000만원미만,기타,기혼,위험중립형,13383000
여,20대,5000만원미만,자영업,기혼,위험중립형,7817000
남,30대,3000만원미만,서비스업,기혼,안정형,2562000
남,50대,3000만원미만,사무종사자,기혼,안정형,1708000
여,60대,1000만원미만,사무종사자,기혼,안정형,819000
여,50대,10000만원이상,기타,미혼,안정추구형,34234000
남,30대,3000만원미만,전문직,미혼,공격투자형,7629000
여,40대,3000만원미만,서비스업,기혼,적극투자형,3809000
여,50대,5000만원미만,자영업,미혼,안정추구형,5195000
남,60대,10000만원이상,서비스업,기혼,안정형,24410000
여,40대,5000만원미만,사무종사자,기혼,적극투자형,6710000
남,40대,1000만원미만,서비스업,미혼,안정추구형,875000
남,30대,3000만원미만,기타,기혼,적극투자형,3166000
여,50대,10000만원미만,기타,미혼,적극투자형,12543000
여,60대,10000만원미만,사무종사자,기혼,위험중립형,25951000
남,60대,3000만원미만,서비스업,기혼,공격투자형,1716000
여,60대,5000만원미만,서비스업,미혼,공격투자형,6264000
남,20대,5000만원미만,사무종사자,기혼,안정추구형,8240000
여,50대,3000만원미만,전문직,미혼,적극투자형,4084000
여,40대,10000만원이상,전문직,기혼,위험중립형,31124000
여,60대,10000만원미만,자영업,기혼,적극투자형,21332000
남,40대,10000만원미만,서비스업,기혼,적극투자형,18058000
남,20대,10000만원이상,사무종사자,기혼,안정형,31898000
여,40대,10000만원미만,자영업,기혼,공격투자형,11021000
남,20대,3000만원미만,자영업,기혼,적극투자형,2615000
여,30대,10000만원이상,전문직,기혼,안정형,48292000
남,60대,10000만원미만,서비스업,미혼,안정형,22772000
남,60대,10000만원미만,자영업,미혼,공격투자형,21996000
남,50대,5000만원미만,서비스업,미혼,안정추구형,5999000
여,40대,3000만원미만,사무종사자,기혼,적극투자형,1502000
여,20대,5000만원미만,기타,기혼,안정형,7157000
남,30대,1000만원미만,기타,기혼,공격투자형,1588000
여,30대,10000만원이상,자영업,미혼,공격투자형,23590000
남,40대,3000만원미만,자영업,기혼,공격투자형,3901000
여,40대,1000만원미만,전문직,기혼,위험중립형,1381000
여,50대,3000만원미만,자영업,기혼,공격투자형,2143000
남,50대,3000만원미만,전문직,미혼,공격투자형,1899000
여,40대,1000만원미만,자영업,미혼,안정추구형,436000
여,50대,3000만원미만,서비스업,미혼,적극투자형,1894000
남,20대,3000만원미만,자영업,기혼,안정형,3818000
남,20대,5000만원미만,사무종사자,기혼,위험중립형,4344000
남,30대,3000만원미만,전문직,미혼,공격투자형,4048000
여,50대,10000만원미만,기타,기혼,안정형,17119000
여,20대,1000만원미만,전문직,기혼,적극투자형,1157000
여,50대,10000만원이상,자영업,기혼,공격투자형,57929000
남,50대,3000만원미만,전문직,미혼,공격투자형,4752000
남,50대,3000만원미만,서비스업,기혼,안정추구형,3370000
여,40대,5000만원미만,서비스업,미혼,위험중립형,6250000
여,40대,10000만원미만,전문직,기혼,위험중립형,23532000
남,30대,3000만원미만,전문직,미혼,위험중립형,2693000
여,50대,3000만원미만,사무종사자,미혼,위험중립형,1968000
여,60대,3000만원미만,기타,미혼,위험중립형,1439000
남,40대,10000만원미만,기타,기혼,적극투자형,15808000
남,50대,5000만원미만,전문직,미혼,공격투자형,4938000
여,40대,10000만원미만,전문직,미혼,적극투자형,15390000
남,50대,10000만원미만,기타,기혼,적극투자형,44757000
남,50대,1000만원미만,사무종사자,미혼,위험중립형,569000
남,60대,10000만원미만,기타,미혼,공격투자형,23421000
여,40대,10000만원이상,자영업,기혼,위험중립형,43113000
남,60대,3000만원미만,기타,기혼,안정형,2650000
남,60대,10000만원미만,전문직,기혼,안정형,15151000
여,30대,5000만원미만,자영업,미혼,안정추구형,4337000
여,30대,3000만원미만,서비스업,미혼,공격투자형,3490000
여,50대,1000만원미만,전문직,기혼,적극투자형,956000
남,40대,10000만원이상,자영업,미혼,안정형,37134000
여,60대,5000만원미만,전문직,기혼,안정추구형,4829000
남,20대,5000만원미만,기타,미혼,위험중립형,4974000
남,30대,5000만원미만,자영업,기혼,위험중립형,3133000
남,20대,3000만원미만,전문직,미혼,적극투자형,1845000
여,20대,1000만원미만,서비스업,미혼,안정형,713000
남,20대,3000만원미만,서비스업,미혼,적극투자형,2521000
남,20대,5000만원미만,서비스업,기혼,위험중립형,3803000
여,20대,5000만원미만,자영업,미혼,공격투자형,3936000
남,20대,3000만원미만,서비스업,미혼,안정형,2389000
남,40대,1000만원미만,서비스업,기혼,공격투자형,743000
여,40대,5000만원미만,서비스업,기혼,안정추구형,8170000
남,30대,3000만원미만,서비스업,기혼,적극투자형,3891000
남,40대,3000만원미만,전문직,미혼,공격투자형,3412000
여,20대,1000만원미만,사무종사자,기혼,안정형,788000
남,60대,5000만원미만,기타,기혼,공격투자형,7758000
남,30대,10000만원미만,서비스업,기혼,적극투자형,16395000
여,50대,5000만원미만,자영업,기혼,안정형,2650000
남,30대,5000만원미만,자영업,기혼,안정추구형,4762000
남,60대,10000만원이상,기타,기혼,적극투자형,45794000
남,30대,10000만원미만,기타,기혼,공격투자형,14834000
여,20대,5000만원미만,사무종사자,미혼,위험중립형,5622000
여,30대,3000만원미만,전문직,미혼,위험중립형,3099000
여,20대,3000만원미만,자영업,기혼,안정추구형,2044000
남,60대,3000만원미만,서비스업,기혼,적극투자형,3373000
여,60대,3000만원미만,기타,기혼,안정형,2342000
남,30대,3000만원미만,자영업,기혼,안정추구형,2121000
여,20대,10000만원미만,전문직,기혼,안정형,12390000
남,50대,5000만원미만,자영업,기혼,안정추구형,4769000
여,60대,3000만원미만,기타,미혼,적극투자형,2397000
여,60대,10000만원이상,자영업,미혼,안정형,22005000
여,60대,3000만원미만,전문직,미혼,위험중립형,2970000
남,40대,10000만원이상,전문직,기혼,안정추구형,44372000
여,30대,3000만원미만,전문직,기혼,공격투자형,1753000
여,40대,1000만원미만,사무종사자,기혼,적극투자형,873000
여,30대,5000만원미만,기타,기혼,적극투자형,4447000
여,50대,5000만원미만,기타,미혼,안정추구형,7734000
남,50대,3000만원미만,전문직,미혼,공격투자형,5567000
남,40대,10000만원미만,서비스업,기혼,적극투자형,20476000
여,50대,3000만원미만,사무종사자,기혼,안정형,1631000
남,50대,3000만원미만,기타,기혼,공격투자형,3054000
여,30대,10000만원이상,기타,미혼,적극투자형,71914000
여,30대,5000만원미만,기타,기혼,적극투자형,5277000
남,50대,3000만원미만,전문직,미혼,위험중립형,3398000
여,40대,10000만원이상,사무종사자,기혼,안정형,37207000
남,50대,3000만원미만,전문직,미혼,공격투자형,3639000
여,60대,10000만원미만,전문직,기혼,안정추구형,11381000
여,60대,3000만원미만,자영업,미혼,위험중립형,2617000
여,40대,10000만원미만,서비스업,기혼,공격투자형,15036000
남,40대,5000만원미만,전문직,미혼,공격투자형,9299000
여,40대,3000만원미만,기타,기혼,안정형,2231000
여,50대,10000만원이상,자영업,기혼,안정추구형,46195000
남,60대,5000만원미만,전문직,미혼,안정추구형,8668000
남,40대,1000만원미만,서비스업,기혼,적극투자형,866000
여,50대,3000만원미만,전문직,기혼,안정추구형,985000
여,60대,1000만원미만,서비스업,기혼,안정형,583000
여,40대,5000만원미만,서비스업,미혼,위험중립형,3847000
남,50대,5000만원미만,사무종사자,기혼,안정추구형,2798000
여,40대,10000만원미만,자영업,미혼,공격투자형,33095000
남,40대,5000만원미만,사무종사자,기혼,안정형,8919000
남,30대,5000만원미만,사무종사자,기혼,안정추구형,5756000
남,30대,10000만원미만,기타,기혼,안정추구형,16222000
여,30대,10000만원미만,자영업,미혼,적극투자형,8609000
남,60대,1000만원미만,기타,기혼,안정형,489000
남,30대,10000만원이상,사무종사자,기혼,위험중립형,49584000
남,30대,5000만원미만,자영업,기혼,안정추구형,5235000
남,50대,5000만원미만,전문직,미혼,위험중립형,5376000
남,40대,5000만원미만,서비스업,미혼,위험중립형,6213000
남,40대,5000만원미만,기타,기혼,공격투자형,7466000
남,30대,1000만원미만,서비스업,기혼,안정형,1016000
남,30대,5000만원미만,서비스업,기혼,위험중립형,5191000
남,20대,5000만원미만,자영업,기혼,안정형,6947000
여,20대,10000만원미만,서비스업,미혼,위험중립형,18680000
남,30대,1000만원미만,전문직,기혼,적극투자형,1207000
남,40대,10000만원미만,전문직,미혼,안정형,13828000
여,40대,3000만원미만,사무종사자,기혼,위험중립형,1502000
여,50대,10000만원미만,사무종사자,미혼,안정형,14159000
남,60대,10000만원미만,기타,기혼,공격투자형,9964000
남,40대,5000만원미만,기타,기혼,공격투자형,7425000
여,30대,10000만원미만,서비스업,기혼,적극투자형,18717000
여,60대,5000만원미만,자영업,기혼,위험중립형,5775000
여,30대,5000만원미만,기타,미혼,안정형,4420000
여,40대,3000만원미만,사무종사자,미혼,안정추구형,1611000
여,30대,3000만원미만,기타,기혼,공격투자형,2324000
남,40대,10000만원이상,전문직,미혼,위험중립형,30424000
남,60대,3000만원미만,전문직,미혼,적극투자형,2373000
남,20대,10000만원미만,기타,미혼,위험중립형,13903000
여,60대,3000만원미만,사무종사자,기혼,적극투자형,1356000
여,30대,5000만원미만,서비스업,미혼,위험중립형,8435000
남,50대,1000만원미만,전문직,미혼,적극투자형,763000
남,30대,10000만원미만,자영업,미혼,적극투자형,17030000
남,40대,10000만원미만,전문직,기혼,적극투자형,26483000
여,30대,10000만원미만,기타,기혼,안정추구형,11728000
남,60대,5000만원미만,자영업,미혼,적극투자형,8146000
남,40대,10000만원미만,서비스업,기혼,위험중립형,24403000
남,40대,5000만원미만,자영업,기혼,공격투자형,6184000
남,40대,1000만원미만,서비스업,기혼,위험중립형,508000
여,40대,1000만원미만,서비스업,미혼,공격투자형,645000
여,30대,10000만원미만,자영업,기혼,적극투자형,15096000
남,30대,5000만원미만,서비스업,기혼,공격투자형,5161000
여,50대,3000만원미만,자영업,기혼,적극투자형,2222000
여,40대,10000만원이상,서비스업,기혼,안정추구형,48615000
남,40대,5000만원미만,서비스업,기혼,위험중립형,3843000
남,50대,10000만원미만,서비스업,기혼,위험중립형,9709000
남,60대,5000만원미만,기타,기혼,안정형,5072000
남,30대,5000만원미만,서비스업,미혼,공격투자형,6766000
여,60대,5000만원미만,자영업,기혼,위험중립형,6118000
여,50대,10000만원미만,기타,미혼,적극투자형,15523000
남,30대,3000만원미만,사무종사자,기혼,적극투자형,5059000
여,30대,1000만원미만,기타,기혼,안정추구형,1180000
여,60대,5000만원미만,사무종사자,기혼,안정형,3427000
남,30대,5000만원미만,서비스업,기혼,안정추구형,6297000
여,20대,10000만원이상,기타,미혼,적극투자형,56141000
여,20대,3000만원미만,전문직,기혼,적극투자형,1083000
여,30대,3000만원미만,기타,기혼,안정형,1472000
여,20대,3000만원미만,기타,기혼,안정추구형,1577000
여,30대,3000만원미만,사무종사자,미혼,안정형,2756000
남,40대,3000만원미만,전문직,미혼,공격투자형,2314000
남,50대,3000만원미만,기타,미혼,공격투자형,2190000
남,60대,10000만원미만,서비스업,미혼,위험중립형,31814000
남,60대,10000만원미만,서비스업,미혼,안정추구형,14933000
남,60대,5000만원미만,전문직,미혼,공격투자형,6856000
남,40대,1000만원미만,사무종사자,기혼,안정형,764000
여,50대,3000만원미만,사무종사자,미혼,공격투자형,3650000
남,40대,5000만원미만,기타,미혼,적극투자형,8067000
남,20대,3000만원미만,전문직,미혼,안정추구형,1796000
여,30대,10000만원미만,서비스업,기혼,안정추구형,9499000
여,30대,10000만원미만,서비스업,기혼,안정형,10692000
남,30대,5000만원미만,자영업,기혼,공격투자형,5720000
여,30대,5000만원미만,서비스업,미혼,안정추구형,6643000
남,30대,3000만원미만,사무종사자,기혼,공격투자형,1608000
남,30대,10000만원미만,서비스업,기혼,공격투자형,12836000
여,30대,5000만원미만,사무종사자,기혼,안정형,3816000
남,30대,5000만원미만,서비스업,기혼,공격투자형,10650000
여,40대,5000만원미만,사무종사자,기혼,안정형,4288000
여,30대,1000만원미만,전문직,기혼,안정추구형,643000
여,20대,3000만원미만,자영업,기혼,적극투자형,4413000
여,60대,10000만원이상,기타,미혼,적극투자형,63150000
남,40대,10000만원이상,전문직,기혼,안정추구형,83973000
남,60대,1000만원미만,사무종사자,기혼,적극투자형,808000
여,50대,10000만원미만,기타,기혼,공격투자형,17481000
여,30대,10000만원미만,자영업,기혼,위험중립형,15611000
여,20대,5000만원미만,자영업,미혼,안정추구형,4683000
여,60대,10000만원미만,서비스업,미혼,안정형,9585000
남,30대,5000만원미만,전문직,기혼,안정형,5583000
남,20대,5000만원미만,자영업,기혼,적극투자형,6245000
남,50대,3000만원미만,전문직,기혼,공격투자형,4277000
여,20대,10000만원미만,전문직,미혼,안정형,16587000
남,20대,5000만원미만,기타,기혼,안정추구형,3504000
여,50대,1000만원미만,자영업,기혼,안정형,634000
남,30대,5000만원미만,전문직,미혼,안정추구형,6020000
여,50대,10000만원이상,서비스업,미혼,위험중립형,28386000
여,40대,3000만원미만,기타,미혼,적극투자형,4545000
남,20대,3000만원미만,전문직,기혼,적극투자형,6222000
여,60대,10000만원미만,전문직,미혼,공격투자형,21296000
여,30대,10000만원이상,자영업,기혼,안정추구형,52808000
여,50대,10000만원이상,자영업,기혼,안정형,35656000
여,40대,1000만원미만,기타,기혼,공격투자형,745000
여,30대,1000만원미만,서비스업,기혼,적극투자형,838000
여,60대,10000만원미만,서비스업,기혼,공격투자형,12526000
남,20대,5000만원미만,기타,기혼,안정형,9688000
여,30대,1000만원미만,전문직,기혼,안정형,876000
남,60대,10000만원미만,사무종사자,미혼,공격투자형,28643000
남,30대,5000만원미만,기타,미혼,안정형,4311000
여,40대,3000만원미만,전문직,기혼,적극투자형,3268000
남,50대,3000만원미만,전문직,미혼,적극투자형,3492000
남,30대,3000만원미만,기타,기혼,공격투자형,3041000
여,30대,3000만원미만,자영업,기혼,적극투자형,2502000
여,30대,1000만원미만,기타,기혼,위험중립형,431000
남,50대,3000만원미만,자영업,기혼,안정형,3462000
남,40대,10000만원이상,기타,기혼,안정추구형,34349000
여,40대,3000만원미만,자영업,기혼,공격투자형,2834000
여,60대,3000만원미만,자영업,미혼,위험중립형,1544000
여,50대,10000만원이상,기타,기혼,안정형,41232000
남,20대,1000만원미만,사무종사자,미혼,위험중립형,501000
여,60대,10000만원이상,기타,미혼,안정형,39268000
여,50대,3000만원미만,자영업,미혼,안정형,2555000
여,50대,3000만원미만,자영업,기혼,적극투자형,3877000
여,40대,10000만원미만,기타,기혼,안정형,8646000
여,60대,10000만원미만,자영업,미혼,안정추구형,21759000
여,30대,5000만원미만,자영업,미혼,공격투자형,4820000
여,40대,5000만원미만,기타,기혼,안정형,4887000
남,40대,5000만원미만,사무종사자,기혼,공격투자형,7991000
여,30대,3000만원미만,기타,기혼,적극투자형,1850000
여,40대,10000만원이상,서비스업,기혼,적극투자형,32801000
여,60대,1000만원미만,기타,미혼,안정형,455000
남,50대,3000만원미만,사무종사자,기혼,공격투자형,2098000
남,30대,3000만원미만,사무종사자,기혼,위험중립형,4037000
여,50대,5000만원미만,서비스업,미혼,위험중립형,4967000
여,20대,1000만원미만,기타,미혼,안정형,399000
남,30대,5000만원미만,전문직,미혼,안정형,4915000
남,30대,10000만원미만,서비스업,기혼,적극투자형,18296000
여,40대,10000만원미만,자영업,미혼,위험중립형,12050000
여,30대,5000만원미만,자영업,미혼,공격투자형,7721000
여,40대,5000만원미만,사무종사자,기혼,안정형,7346000
남,40대,3000만원미만,서비스업,기혼,적극투자형,1686000
남,60대,1000만원미만,자영업,기혼,안정추구형,599000
남,30대,10000만원미만,기타,기혼,안정추구형,16932000
남,60대,1000만원미만,서비스업,기혼,위험중립형,797000
남,30대,1000만원미만,기타,기혼,안정형,1092000
여,60대,1000만원미만,기타,기혼,위험중립형,1622000
여,50대,10000만원미만,서비스업,미혼,안정추구형,9912000
남,40대,1000만원미만,자영업,미혼,적극투자형,889000
여,40대,3000만원미만,서비스업,기혼,위험중립형,1910000
남,20대,3000만원미만,사무종사자,기혼,공격투자형,4613000
남,40대,3000만원미만,자영업,기혼,안정추구형,2048000
여,40대,3000만원미만,사무종사자,기혼,안정형,1767000
여,40대,1000만원미만,전문직,미혼,안정추구형,513000
남,20대,10000만원미만,서비스업,미혼,위험중립형,10237000
여,40대,10000만원미만,전문직,기혼,공격투자형,26443000
여,60대,3000만원미만,자영업,미혼,위험중립형,3213000
여,60대,5000만원미만,서비스업,기혼,안정형,5930000
남,40대,3000만원미만,기타,기혼,안정형,2937000
여,40대,3000만원미만,자영업,기혼,공격투자형,3658000
남,60대,10000만원이상,사무종사자,기혼,안정추구형,21460000
남,60대,5000만원미만,서비스업,기혼,위험중립형,4916000
여,30대,10000만원미만,전문직,기혼,적극투자형,19954000
여,40대,3000만원미만,서비스업,기혼,안정형,1960000
여,40대,1000만원미만,기타,기혼,안정형,585000
남,40대,1000만원미만,서비스업,기혼,적극투자형,1057000
남,30대,5000만원미만,사무종사자,미혼,안정형,7173000
여,50대,1000만원미만,서비스업,기혼,안정형,617000
여,40대,10000만원미만,사무종사자,기혼,위험중립형,11732000
여,40대,10000만원미만,서비스업,미혼,안정형,8282000
남,20대,10000만원미만,서비스업,미혼,적극투자형,11053000
남,50대,3000만원미만,기타,기혼,안정추구형,2610000
남,30대,10000만원미만,기타,미혼,안정형,15288000
여,40대,10000만원미만,전문직,미혼,위험중립형,16870000
남,40대,10000만원미만,서비스업,미혼,적극투자형,12467000
남,20대,10000만원미만,서비스업,기혼,적극투자형,14333000
남,60대,3000만원미만,사무종사자,미혼,안정추구형,2899000
여,40대,3000만원미만,서비스업,기혼,위험중립형,1992000
여,20대,3000만원미만,전문직,기혼,적극투자형,2508000
여,40대,3000만원미만,사무종사자,미혼,적극투자형,2794000
남,30대,10000만원이상,기타,미혼,공격투자형,116673000
남,60대,1000만원미만,기타,미혼,공격투자형,870000
여,40대,3000만원미만,자영업,기혼,안정형,2214000
남,30대,5000만원미만,사무종사자,미혼,적극투자형,6428000
여,50대,3000만원미만,서비스업,미혼,안정형,3802000
여,50대,3000만원미만,자영업,기혼,안정추구형,1990000
남,30대,1000만원미만,전문직,기혼,적극투자형,1194000
남,40대,5000만원미만,자영업,기혼,안정형,4588000
여,30대,5000만원미만,사무종사자,미혼,공격투자형,8728000
남,50대,10000만원미만,기타,미혼,공격투자형,16357000
여,40대,1000만원미만,서비스업,미혼,위험중립형,669000
남,50대,10000만원이상,사무종사자,미혼,안정추구형,51273000
남,20대,10000만원이상,기타,미혼,위험중립형,46443000
여,30대,3000만원미만,전문직,미혼,위험중립형,2026000
남,40대,1000만원미만,사무종사자,기혼,위험중립형,913000
여,60대,10000만원이상,사무종사자,기혼,적극투자형,39141000
남,20대,5000만원미만,서비스업,기혼,안정형,5993000
남,60대,10000만원미만,기타,기혼,안정형,11391000
남,20대,5000만원미만,자영업,기혼,안정추구형,10670000
여,30대,3000만원미만,자영업,미혼,공격투자형,2085000
여,40대,5000만원미만,전문직,미혼,적극투자형,5068000
남,40대,5000만원미만,기타,기혼,공격투자형,7008000
남,40대,5000만원미만,사무종사자,기혼,위험중립형,4510000
여,20대,10000만원미만,기타,미혼,적극투자형,11065000
여,50대,3000만원미만,자영업,미혼,안정형,1837000
여,50대,10000만원미만,전문직,미혼,공격투자형,13578000
남,50대,3000만원미만,사무종사자,미혼,안정형,5124000
남,60대,3000만원미만,서비스업,기혼,공격투자형,2039000
여,30대,5000만원미만,자영업,기혼,안정형,8390000
여,30대,3000만원미만,기타,기혼,위험중립형,1234000
남,30대,10000만원이상,전문직,기혼,안정형,29149000
여,50대,5000만원미만,기타,미혼,안정형,8188000
남,20대,10000만원이상,자영업,미혼,안정형,35201000
여,60대,5000만원미만,서비스업,기혼,적극투자형,8253000
여,60대,5000만원미만,자영업,미혼,위험중립형,5523000
여,40대,5000만원미만,자영업,미혼,공격투자형,8721000
여,40대,10000만원이상,사무종사자,기혼,안정형,21253000
남,40대,3000만원미만,자영업,기혼,안정추구형,4473000
여,50대,10000만원미만,서비스업,기혼,안정형,11174000
여,60대,5000만원미만,기타,미혼,위험중립형,3834000
여,30대,10000만원미만,기타,기혼,공격투자형,12182000
여,50대,3000만원미만,기타,기혼,안정추구형,3011000
남,50대,3000만원미만,기타,미혼,적극투자형,3348000
여,40대,1000만원미만,전문직,미혼,안정형,927000
여,40대,3000만원미만,전문직,미혼,안정형,1271000
여,20대,5000만원미만,자영업,기혼,안정형,6480000
남,30대,10000만원이상,자영업,기혼,공격투자형,46878000
여,40대,10000만원미만,자영업,기혼,공격투자형,15588000
남,40대,3000만원미만,서비스업,기혼,적극투자형,1807000
여,50대,10000만원미만,기타,미혼,위험중립형,17091000
남,50대,5000만원미만,사무종사자,미혼,적극투자형,11667000
남,30대,1000만원미만,사무종사자,기혼,적극투자형,1023000
남,30대,5000만원미만,사무종사자,기혼,적극투자형,6759000
남,30대,5000만원미만,전문직,미혼,위험중립형,3614000
여,40대,1000만원미만,자영업,기혼,안정추구형,379000
남,30대,5000만원미만,자영업,미혼,적극투자형,7573000
여,40대,10000만원이상,사무종사자,미혼,공격투자형,36391000
남,20대,3000만원미만,전문직,미혼,위험중립형,3351000
남,50대,3000만원미만,사무종사자,기혼,안정형,4439000
남,20대,10000만원이상,자영업,기혼,공격투자형,66271000
남,50대,1000만원미만,자영업,기혼,안정추구형,534000
남,50대,3000만원미만,기타,기혼,적극투자형,1805000
남,40대,3000만원미만,기타,미혼,공격투자형,2792000
남,60대,1000만원미만,전문직,미혼,안정형,828000
여,30대,3000만원미만,사무종사자,미혼,안정추구형,2039000
남,40대,3000만원미만,사무종사자,기혼,안정형,2251000
여,30대,10000만원미만,서비스업,미혼,안정추구형,19842000
남,40대,3000만원미만,전문직,기혼,안정추구형,2485000
여,40대,3000만원미만,전문직,기혼,안정추구형,2150000
남,60대,3000만원미만,자영업,미혼,안정형,2023000
여,40대,1000만원미만,자영업,기혼,안정형,779000
남,20대,5000만원미만,자영업,기혼,적극투자형,5415000
남,30대,10000만원미만,기타,기혼,적극투자형,21716000
남,50대,1000만원미만,자영업,기혼,적극투자형,725000
여,50대,3000만원미만,서비스업,기혼,위험중립형,1904000
남,40대,10000만원이상,기타,미혼,안정형,43703000
남,60대,3000만원미만,자영업,미혼,적극투자형,2107000
여,60대,3000만원미만,자영업,기혼,안정추구형,1065000
남,50대,10000만원이상,사무종사자,기혼,안정추구형,55534000
여,50대,10000만원미만,자영업,기혼,위험중립형,17261000
남,30대,3000만원미만,서비스업,미혼,위험중립형,4728000
남,20대,10000만원미만,전문직,기혼,위험중립형,16714000
여,40대,5000만원미만,기타,미혼,위험중립형,5464000
남,50대,10000만원미만,서비스업,기혼,공격투자형,20153000
남,60대,3000만원미만,전문직,미혼,공격투자형,3227000
여,40대,5000만원미만,사무종사자,기혼,적극투자형,9651000
여,40대,1000만원미만,사무종사자,기혼,위험중립형,434000
남,20대,1000만원미만,전문직,미혼,안정추구형,1156000
남,40대,3000만원미만,전문직,기혼,위험중립형,1868000
여,60대,5000만원미만,자영업,미혼,안정형,7189000
남,40대,5000만원미만,기타,기혼,공격투자형,8967000
여,50대,10000만원미만,사무종사자,기혼,위험중립형,10194000
남,60대,1000만원미만,서비스업,기혼,적극투자형,849000
여,30대,10000만원미만,사무종사자,기혼,적극투자형,9235000
남,30대,5000만원미만,전문직,미혼,안정형,7876000
여,50대,5000만원미만,자영업,미혼,위험중립형,8218000
여,20대,5000만원미만,사무종사자,미혼,위험중립형,5884000
남,30대,5000만원미만,서비스업,미혼,위험중립형,8665000
여,50대,5000만원미만,자영업,미혼,안정형,3987000
여,50대,10000만원미만,기타,기혼,안정형,6915000
여,30대,1000만원미만,기타,기혼,위험중립형,741000
남,20대,10000만원미만,서비스업,기혼,공격투자형,15867000
남,60대,5000만원미만,자영업,미혼,안정추구형,4686000
여,40대,10000만원이상,기타,미혼,위험중립형,40307000
남,40대,3000만원미만,사무종사자,기혼,안정추구형,1834000
남,50대,3000만원미만,기타,기혼,안정추구형,4770000
남,50대,3000만원미만,자영업,기혼,위험중립형,3325000
남,30대,5000만원미만,전문직,기혼,적극투자형,6879000
남,40대,10000만원이상,자영업,기혼,안정추구형,64244000
남,50대,1000만원미만,기타,미혼,안정형,834000
남,30대,10000만원미만,자영업,기혼,안정형,38375000
남,40대,5000만원미만,사무종사자,기혼,적극투자형,6739000
남,30대,3000만원미만,사무종사자,기혼,적극투자형,2769000
남,60대,5000만원미만,서비스업,기혼,위험중립형,12156000
여,20대,10000만원미만,사무종사자,기혼,안정형,22719000
남,50대,3000만원미만,전문직,미혼,위험중립형,2081000
여,40대,3000만원미만,전문직,기혼,안정형,1879000
여,40대,3000만원미만,사무종사자,기혼,적극투자형,1661000
여,30대,5000만원미만,자영업,기혼,공격투자형,7360000
여,60대,3000만원미만,자영업,기혼,공격투자형,1200000
여,40대,10000만원미만,기타,미혼,안정형,17646000
여,50대,3000만원미만,기타,기혼,위험중립형,2312000
남,20대,10000만원이상,서비스업,미혼,안정추구형,21268000
남,30대,1000만원미만,기타,미혼,안정형,789000
남,60대,1000만원미만,서비스업,기혼,안정추구형,805000
남,20대,1000만원미만,기타,기혼,안정형,658000
여,30대,3000만원미만,서비스업,미혼,안정추구형,2026000
여,30대,3000만원미만,전문직,기혼,안정형,2873000
남,30대,5000만원미만,서비스업,기혼,위험중립형,4276000
여,40대,3000만원미만,전문직,기혼,안정추구형,1865000
남,60대,3000만원미만,전문직,기혼,적극투자형,1707000
여,40대,10000만원미만,자영업,기혼,안정형,16906000
남,60대,10000만원이상,서비스업,기혼,안정형,28396000
여,50대,5000만원미만,사무종사자,기혼,적극투자형,5660000
남,60대,3000만원미만,자영업,기혼,위험중립형,4567000
남,30대,5000만원미만,서비스업,기혼,적극투자형,6264000
남,60대,5000만원미만,전문직,기혼,적극투자형,3103000
남,50대,5000만원미만,전문직,미혼,위험중립형,5533000
여,60대,5000만원미만,서비스업,기혼,안정추구형,7264000
여,20대,10000만원미만,자영업,기혼,안정추구형,7057000
남,20대,1000만원미만,기타,미혼,적극투자형,1053000
여,20대,3000만원미만,사무종사자,기혼,위험중립형,4473000
남,20대,10000만원이상,전문직,미혼,안정형,32175000
여,30대,5000만원미만,자영업,미혼,위험중립형,7051000
여,40대,10000만원미만,사무종사자,기혼,안정추구형,19900000
여,40대,10000만원미만,전문직,미혼,공격투자형,17628000
여,20대,5000만원미만,자영업,기혼,안정추구형,7445000
여,50대,1000만원미만,서비스업,기혼,공격투자형,921000
남,20대,10000만원미만,기타,기혼,안정형,9292000
여,60대,10000만원미만,서비스업,기혼,안정추구형,11817000
여,30대,1000만원미만,자영업,미혼,공격투자형,996000
여,20대,1000만원미만,사무종사자,기혼,안정형,408000
여,30대,10000만원이상,서비스업,기혼,공격투자형,60468000
남,20대,1000만원미만,사무종사자,기혼,안정형,445000
남,30대,3000만원미만,전문직,미혼,위험중립형,3269000
여,50대,1000만원미만,자영업,미혼,적극투자형,691000
남,30대,1000만원미만,사무종사자,기혼,공격투자형,953000
여,20대,1000만원미만,전문직,미혼,공격투자형,1426000
남,30대,3000만원미만,사무종사자,미혼,안정형,1875000
남,30대,1000만원미만,서비스업,기혼,적극투자형,807000
여,30대,10000만원이상,사무종사자,기혼,안정추구형,19279000
남,50대,10000만원미만,사무종사자,기혼,공격투자형,15585000
남,20대,10000만원이상,기타,미혼,위험중립형,21561000
남,40대,5000만원미만,사무종사자,미혼,공격투자형,5602000
여,20대,10000만원미만,서비스업,미혼,적극투자형,11975000
여,40대,5000만원미만,전문직,기혼,공격투자형,7441000
여,50대,3000만원미만,자영업,미혼,안정형,2815000
여,30대,5000만원미만,기타,미혼,안정추구형,6320000
여,20대,1000만원미만,서비스업,기혼,안정형,688000
남,40대,5000만원미만,기타,기혼,적극투자형,7491000
여,60대,1000만원미만,자영업,미혼,위험중립형,784000
남,50대,1000만원미만,기타,기혼,공격투자형,697000
여,40대,3000만원미만,기타,기혼,안정형,4563000
남,40대,3000만원미만,전문직,기혼,위험중립형,1541000
남,30대,10000만원미만,기타,미혼,공격투자형,19564000
여,30대,5000만원미만,자영업,기혼,위험중립형,4930000
남,50대,3000만원미만,기타,기혼,안정추구형,2520000
여,60대,5000만원미만,서비스업,미혼,공격투자형,8865000
여,40대,10000만원미만,자영업,기혼,안정형,11494000
여,50대,10000만원이상,기타,기혼,안정형,53930000
여,50대,1000만원미만,기타,기혼,위험중립형,534000
여,40대,5000만원미만,자영업,미혼,안정형,6179000
남,60대,3000만원미만,서비스업,기혼,적극투자형,2452000
여,40대,5000만원미만,서비스업,기혼,안정추구형,5676000
남,40대,3000만원미만,사무종사자,미혼,공격투자형,2457000
남,50대,10000만원미만,서비스업,기혼,안정형,19661000
여,40대,5000만원미만,서비스업,미혼,위험중립형,3353000
남,60대,1000만원미만,기타,미혼,위험중립형,1624000
남,50대,3000만원미만,사무종사자,미혼,위험중립형,2673000
여,40대,10000만원미만,사무종사자,기혼,적극투자형,24983000
남,50대,1000만원미만,자영업,미혼,안정추구형,338000
여,60대,10000만원미만,전문직,기혼,공격투자형,10703000
여,40대,5000만원미만,자영업,기혼,위험중립형,6993000
여,30대,10000만원이상,서비스업,미혼,공격투자형,59381000
남,50대,1000만원미만,서비스업,기혼,위험중립형,944000
여,20대,3000만원미만,서비스업,미혼,공격투자형,2096000
여,40대,3000만원미만,사무종사자,미혼,적극투자형,3400000
남,20대,3000만원미만,자영업,미혼,위험중립형,2468000
여,50대,3000만원미만,자영업,미혼,안정형,2053000
여,60대,10000만원이상,자영업,기혼,적극투자형,51939000
남,60대,3000만원미만,기타,기혼,위험중립형,4055000
여,30대,5000만원미만,기타,미혼,공격투자형,8089000
여,60대,5000만원미만,사무종사자,기혼,공격투자형,3734000
남,50대,10000만원미만,자영업,미혼,공격투자형,10522000
여,30대,10000만원미만,기타,기혼,안정형,10873000
여,20대,3000만원미만,자영업,미혼,안정형,2139000
여,40대,3000만원미만,전문직,기혼,안정형,1597000
남,30대,3000만원미만,서비스업,기혼,안정추구형,2563000
남,60대,3000만원미만,사무종사자,미혼,안정추구형,1623000
여,60대,5000만원미만,사무종사자,기혼,적극투자형,9143000
남,40대,10000만원미만,서비스업,기혼,공격투자형,17950000
남,40대,5000만원미만,사무종사자,기혼,위험중립형,5331000
남,20대,10000만원미만,서비스업,미혼,안정형,12213000
남,30대,5000만원미만,전문직,미혼,위험중립형,7777000
남,50대,10000만원이상,전문직,미혼,안정추구형,31449000
남,40대,3000만원미만,전문직,기혼,적극투자형,2699000
여,30대,1000만원미만,사무종사자,기혼,적극투자형,466000
여,40대,3000만원미만,전문직,미혼,안정추구형,2090000
남,40대,5000만원미만,사무종사자,미혼,적극투자형,5198000
남,40대,10000만원미만,서비스업,기혼,안정형,17559000
여,40대,10000만원미만,전문직,미혼,위험중립형,10242000
여,40대,5000만원미만,기타,기혼,안정추구형,6688000
남,60대,5000만원미만,사무종사자,미혼,안정형,4271000
여,60대,3000만원미만,전문직,미혼,안정추구형,2460000
남,40대,10000만원미만,전문직,미혼,안정추구형,18760000
여,20대,1000만원미만,기타,미혼,위험중립형,642000
남,60대,10000만원이상,자영업,기혼,공격투자형,94082000
여,40대,10000만원미만,사무종사자,기혼,공격투자형,23888000
남,20대,10000만원미만,사무종사자,기혼,위험중립형,13780000
여,60대,5000만원미만,서비스업,기혼,적극투자형,7990000
남,40대,10000만원이상,기타,기혼,적극투자형,52425000
남,30대,10000만원미만,서비스업,기혼,위험중립형,15198000
남,50대,5000만원미만,사무종사자,기혼,안정추구형,5507000
여,30대,10000만원미만,서비스업,미혼,적극투자형,13537000
남,50대,1000만원미만,기타,기혼,안정형,723000
여,40대,5000만원미만,자영업,기혼,안정추구형,7999000
여,30대,5000만원미만,기타,기혼,적극투자형,8090000
여,30대,5000만원미만,사무종사자,기혼,공격투자형,5248000
여,30대,5000만원미만,기타,기혼,위험중립형,7833000
여,30대,1000만원미만,사무종사자,기혼,위험중립형,533000
여,30대,3000만원미만,전문직,기혼,공격투자형,2652000
여,30대,10000만원미만,기타,기혼,적극투자형,13335000
여,30대,5000만원미만,사무종사자,기혼,위험중립형,7524000
남,40대,10000만원이상,기타,기혼,위험중립형,54444000
남,30대,10000만원미만,기타,미혼,안정형,15214000
여,50대,10000만원이상,서비스업,미혼,안정추구형,53479000
남,40대,10000만원미만,전문직,기혼,위험중립형,9924000
여,30대,1000만원미만,사무종사자,기혼,안정형,571000
여,40대,5000만원미만,서비스업,기혼,공격투자형,4892000
여,30대,3000만원미만,기타,미혼,공격투자형,3252000
여,50대,5000만원미만,서비스업,기혼,적극투자형,8958000
남,40대,1000만원미만,자영업,기혼,안정추구형,1117000
남,60대,5000만원미만,기타,기혼,안정추구형,5005000
남,20대,5000만원미만,서비스업,기혼,위험중립형,5015000
여,30대,3000만원미만,기타,기혼,안정형,1688000
남,50대,5000만원미만,사무종사자,미혼,위험중립형,5972000
남,30대,3000만원미만,자영업,미혼,안정형,1574000
여,20대,1000만원미만,사무종사자,미혼,적극투자형,924000
남,40대,1000만원미만,자영업,기혼,위험중립형,928000
남,60대,10000만원이상,자영업,기혼,적극투자형,35705000
여,40대,3000만원미만,자영업,기혼,안정형,1466000
여,40대,3000만원미만,사무종사자,기혼,위험중립형,3177000
남,20대,3000만원미만,전문직,기혼,적극투자형,2346000
남,50대,3000만원미만,서비스업,미혼,적극투자형,2612000
여,60대,10000만원미만,사무종사자,기혼,안정추구형,15841000
남,20대,10000만원미만,기타,기혼,안정추구형,6828000
여,30대,5000만원미만,전문직,기혼,적극투자형,4345000
여,30대,10000만원미만,전문직,기혼,위험중립형,12819000
남,50대,5000만원미만,서비스업,기혼,위험중립형,6925000
여,60대,3000만원미만,사무종사자,기혼,공격투자형,2411000
여,60대,3000만원미만,사무종사자,미혼,안정추구형,1482000
여,30대,5000만원미만,전문직,기혼,공격투자형,4999000
남,30대,10000만원이상,기타,기혼,위험중립형,23722000
남,50대,10000만원미만,사무종사자,미혼,공격투자형,22872000
남,30대,3000만원미만,사무종사자,미혼,안정형,2003000
남,60대,1000만원미만,사무종사자,기혼,안정추구형,698000
여,30대,3000만원미만,자영업,기혼,위험중립형,1676000
여,30대,1000만원미만,기타,기혼,위험중립형,810000
남,30대,1000만원미만,자영업,기혼,공격투자형,914000
여,60대,1000만원미만,사무종사자,미혼,위험중립형,537000
남,20대,3000만원미만,전문직,미혼,위험중립형,3139000
여,60대,1000만원미만,자영업,기혼,공격투자형,528000
여,20대,5000만원미만,자영업,미혼,적극투자형,5816000
남,50대,3000만원미만,사무종사자,미혼,안정형,1965000
여,30대,5000만원미만,서비스업,기혼,공격투자형,6867000
여,60대,10000만원이상,기타,미혼,적극투자형,80092000
남,60대,10000만원미만,기타,미혼,안정추구형,21543000
남,60대,10000만원미만,서비스업,미혼,안정형,8538000
남,30대,3000만원미만,자영업,미혼,공격투자형,2436000
여,20대,3000만원미만,서비스업,미혼,안정형,1763000
여,60대,3000만원미만,자영업,미혼,안정추구형,2243000
여,40대,3000만원미만,서비스업,기혼,위험중립형,2270000
여,30대,10000만원미만,전문직,기혼,안정형,9295000
여,40대,5000만원미만,자영업,기혼,공격투자형,9254000
남,60대,3000만원미만,전문직,미혼,적극투자형,2628000
여,20대,5000만원미만,기타,미혼,안정추구형,6887000
남,40대,10000만원미만,자영업,기혼,안정형,13075000
여,20대,5000만원미만,서비스업,기혼,적극투자형,5356000
여,30대,1000만원미만,기타,기혼,안정형,996000
여,50대,3000만원미만,전문직,미혼,공격투자형,4917000
남,40대,5000만원미만,사무종사자,기혼,공격투자형,5971000
여,50대,10000만원미만,서비스업,미혼,안정추구형,13637000
여,40대,3000만원미만,서비스업,기혼,위험중립형,2689000
여,40대,3000만원미만,자영업,기혼,안정형,2086000
남,30대,1000만원미만,기타,미혼,적극투자형,1074000
남,40대,3000만원미만,전문직,기혼,안정추구형,2441000
여,40대,10000만원미만,사무종사자,미혼,안정형,20656000
여,30대,5000만원미만,자영업,미혼,적극투자형,4432000
남,20대,3000만원미만,사무종사자,미혼,적극투자형,3007000
여,50대,10000만원미만,전문직,미혼,안정추구형,13216000
여,30대,3000만원미만,서비스업,미혼,적극투자형,1912000
남,20대,5000만원미만,기타,기혼,안정추구형,8011000
여,60대,10000만원미만,기타,미혼,적극투자형,23963000
남,30대,5000만원미만,전문직,기혼,안정추구형,6699000
남,20대,5000만원미만,서비스업,미혼,안정추구형,6046000
남,40대,10000만원미만,기타,기혼,안정형,13762000
남,40대,3000만원미만,자영업,미혼,공격투자형,4130000
남,50대,1000만원미만,자영업,기혼,적극투자형,743000
여,40대,3000만원미만,사무종사자,기혼,안정추구형,1295000
남,40대,3000만원미만,자영업,미혼,위험중립형,1614000
남,50대,10000만원미만,전문직,미혼,공격투자형,29070000
여,30대,3000만원미만,서비스업,미혼,위험중립형,2385000
여,50대,10000만원미만,자영업,미혼,적극투자형,17222000
남,40대,10000만원미만,기타,미혼,안정형,15499000
남,50대,3000만원미만,자영업,기혼,공격투자형,2864000
여,40대,3000만원미만,전문직,기혼,안정형,1774000
남,20대,3000만원미만,자영업,미혼,위험중립형,3309000
여,30대,10000만원이상,기타,기혼,안정형,47482000
남,30대,5000만원미만,자영업,기혼,위험중립형,3964000
남,20대,10000만원미만,사무종사자,기혼,안정형,7698000
남,40대,5000만원미만,서비스업,기혼,공격투자형,7756000
남,20대,5000만원미만,전문직,미혼,공격투자형,3594000
남,40대,1000만원미만,전문직,기혼,안정형,920000
여,60대,3000만원미만,서비스업,기혼,공격투자형,2550000
여,60대,10000만원미만,서비스업,기혼,적극투자형,10507000
여,40대,5000만원미만,서비스업,기혼,안정형,4589000
여,20대,5000만원미만,서비스업,기혼,적극투자형,6575000
여,40대,1000만원미만,사무종사자,기혼,적극투자형,393000
여,30대,5000만원미만,전문직,미혼,공격투자형,4004000
남,30대,5000만원미만,전문직,기혼,공격투자형,5299000
남,60대,1000만원미만,사무종사자,미혼,안정형,461000
여,30대,1000만원미만,서비스업,미혼,안정형,763000
여,30대,5000만원미만,전문직,미혼,공격투자형,6331000
남,50대,5000만원미만,자영업,미혼,안정형,4482000
남,30대,3000만원미만,서비스업,기혼,안정형,2439000
남,50대,5000만원미만,자영업,기혼,안정추구형,3777000
남,30대,10000만원이상,기타,기혼,공격투자형,60963000
여,40대,10000만원미만,사무종사자,기혼,안정형,13796000
여,40대,10000만원미만,기타,기혼,위험중립형,5282000
여,60대,1000만원미만,기타,기혼,안정추구형,767000
여,30대,3000만원미만,기타,기혼,공격투자형,2996000
남,60대,5000만원미만,사무종사자,기혼,안정추구형,6287000
남,20대,10000만원미만,서비스업,미혼,적극투자형,12564000
여,20대,10000만원미만,서비스업,기혼,안정형,20320000
여,60대,1000만원미만,전문직,기혼,공격투자형,1515000
남,30대,3000만원미만,사무종사자,미혼,위험중립형,2467000
여,40대,3000만원미만,자영업,기혼,안정추구형,1403000
여,20대,1000만원미만,자영업,미혼,안정추구형,1001000
남,60대,5000만원미만,기타,미혼,공격투자형,5659000
여,40대,5000만원미만,전문직,기혼,안정형,3595000
여,50대,3000만원미만,서비스업,미혼,공격투자형,2435000
여,40대,3000만원미만,서비스업,기혼,공격투자형,2244000
여,30대,1000만원미만,사무종사자,기혼,위험중립형,598000
여,40대,3000만원미만,서비스업,기혼,공격투자형,3589000
여,30대,5000만원미만,자영업,기혼,안정추구형,2964000
여,50대,10000만원미만,서비스업,기혼,위험중립형,13558000
남,40대,10000만원이상,기타,기혼,위험중립형,32991000
남,20대,5000만원미만,사무종사자,미혼,공격투자형,5409000
여,30대,3000만원미만,전문직,미혼,안정추구형,2662000
남,20대,10000만원이상,자영업,기혼,공격투자형,54837000
남,30대,10000만원이상,서비스업,기혼,안정형,46983000
남,50대,10000만원미만,서비스업,기혼,안정형,11297000
남,20대,3000만원미만,자영업,기혼,안정추구형,3336000
여,30대,1000만원미만,자영업,기혼,안정형,583000
남,50대,1000만원미만,사무종사자,기혼,안정추구형,657000
남,20대,3000만원미만,자영업,미혼,위험중립형,2206000
여,30대,10000만원미만,기타,미혼,안정추구형,13626000
남,30대,5000만원미만,전문직,기혼,공격투자형,4161000
여,50대,1000만원미만,자영업,기혼,안정추구형,1137000
여,60대,10000만원미만,전문직,미혼,공격투자형,22077000
남,40대,1000만원미만,전문직,기혼,안정추구형,895000
여,40대,3000만원미만,자영업,미혼,적극투자형,1702000
여,60대,1000만원미만,기타,기혼,안정추구형,389000
남,50대,1000만원미만,자영업,기혼,안정추구형,1202000
남,30대,5000만원미만,기타,기혼,공격투자형,9250000
여,50대,3000만원미만,자영업,기혼,적극투자형,2787000
남,30대,5000만원미만,자영업,기혼,안정추구형,2002000
남,20대,10000만원이상,자영업,미혼,안정형,35147000
여,30대,10000만원미만,자영업,기혼,적극투자형,17945000
여,30대,5000만원미만,자영업,기혼,적극투자형,3853000
남,40대,3000만원미만,사무종사자,기혼,안정형,1997000
남,30대,1000만원미만,전문직,기혼,안정추구형,841000
여,50대,10000만원미만,전문직,기혼,위험중립형,13683000
여,40대,3000만원미만,서비스업,기혼,위험중립형,1953000
남,60대,5000만원미만,전문직,기혼,공격투자형,4926000
여,60대,10000만원이상,기타,기혼,적극투자형,61808000
남,50대,10000만원미만,사무종사자,기혼,안정형,10703000
여,60대,5000만원미만,기타,기혼,적극투자형,6984000
남,30대,3000만원미만,전문직,미혼,적극투자형,2299000
여,20대,5000만원미만,기타,기혼,공격투자형,6785000
여,30대,3000만원미만,기타,기혼,위험중립형,2073000
남,40대,10000만원미만,서비스업,기혼,안정추구형,9517000
여,30대,5000만원미만,자영업,기혼,공격투자형,5554000
여,50대,1000만원미만,기타,기혼,적극투자형,615000
남,40대,3000만원미만,사무종사자,미혼,안정추구형,2780000
남,30대,5000만원미만,자영업,기혼,적극투자형,7717000
여,20대,5000만원미만,서비스업,기혼,안정형,8193000
남,40대,10000만원미만,전문직,기혼,안정형,16749000
여,60대,10000만원미만,사무종사자,미혼,공격투자형,12149000
남,20대,10000만원미만,자영업,기혼,위험중립형,13866000
남,50대,5000만원미만,사무종사자,기혼,적극투자형,4443000
남,40대,10000만원이상,자영업,기혼,공격투자형,34219000
여,60대,5000만원미만,기타,미혼,안정추구형,4559000
남,50대,10000만원이상,전문직,기혼,안정형,35560000
남,20대,10000만원미만,서비스업,미혼,위험중립형,10756000
여,60대,3000만원미만,서비스업,기혼,안정추구형,1912000
남,40대,10000만원이상,자영업,기혼,위험중립형,52992000
남,60대,10000만원미만,자영업,미혼,공격투자형,26770000
남,40대,10000만원이상,전문직,미혼,안정추구형,25191000
여,20대,10000만원미만,사무종사자,기혼,안정추구형,15365000
남,60대,1000만원미만,전문직,미혼,안정추구형,713000
남,30대,10000만원이상,기타,기혼,안정추구형,48025000
여,30대,3000만원미만,전문직,기혼,안정추구형,1684000
남,60대,3000만원미만,기타,기혼,적극투자형,3329000
여,60대,3000만원미만,사무종사자,미혼,안정형,3344000
여,50대,5000만원미만,기타,미혼,공격투자형,7161000
남,50대,3000만원미만,기타,미혼,적극투자형,3047000
여,50대,10000만원미만,기타,기혼,공격투자형,14855000
여,40대,5000만원미만,사무종사자,기혼,적극투자형,6186000
남,30대,10000만원이상,서비스업,기혼,위험중립형,33922000
남,30대,1000만원미만,사무종사자,기혼,공격투자형,1217000
남,60대,3000만원미만,사무종사자,미혼,안정형,1819000
여,50대,10000만원이상,자영업,기혼,공격투자형,31160000
여,30대,5000만원미만,기타,기혼,적극투자형,4104000
남,20대,3000만원미만,서비스업,기혼,위험중립형,4056000
남,20대,10000만원미만,자영업,미혼,위험중립형,17341000
여,30대,5000만원미만,기타,기혼,위험중립형,7062000
여,20대,1000만원미만,자영업,미혼,위험중립형,1022000
여,30대,1000만원미만,기타,미혼,안정추구형,1027000
여,20대,10000만원미만,기타,기혼,적극투자형,12754000
여,60대,1000만원미만,전문직,기혼,위험중립형,862000
여,60대,5000만원미만,전문직,기혼,적극투자형,6110000
남,30대,3000만원미만,서비스업,기혼,공격투자형,2370000
남,40대,10000만원미만,서비스업,기혼,위험중립형,14476000
여,30대,10000만원미만,사무종사자,미혼,공격투자형,11875000
남,20대,3000만원미만,서비스업,기혼,위험중립형,2305000
남,50대,3000만원미만,자영업,미혼,적극투자형,2532000
남,30대,1000만원미만,전문직,미혼,적극투자형,487000
여,60대,3000만원미만,서비스업,미혼,위험중립형,2156000
남,40대,3000만원미만,기타,미혼,안정추구형,1651000
여,30대,1000만원미만,서비스업,미혼,안정추구형,584000
여,40대,1000만원미만,사무종사자,기혼,공격투자형,483000
남,50대,3000만원미만,사무종사자,미혼,안정형,1734000
남,40대,3000만원미만,전문직,기혼,위험중립형,2797000
남,30대,5000만원미만,서비스업,기혼,안정추구형,6936000
남,60대,10000만원미만,자영업,기혼,위험중립형,16887000
여,40대,5000만원미만,사무종사자,미혼,공격투자형,12342000
남,30대,5000만원미만,자영업,미혼,안정형,7135000
여,50대,10000만원미만,기타,기혼,안정형,23768000
남,20대,3000만원미만,자영업,기혼,안정형,1216000
남,30대,10000만원미만,사무종사자,미혼,공격투자형,8648000
여,40대,3000만원미만,기타,기혼,공격투자형,2240000
남,20대,10000만원이상,기타,기혼,안정형,24197000
남,30대,10000만원미만,전문직,미혼,위험중립형,15484000
여,60대,3000만원미만,서비스업,기혼,적극투자형,1992000
남,40대,3000만원미만,기타,미혼,적극투자형,4147000
여,30대,3000만원미만,사무종사자,기혼,위험중립형,2007000
남,20대,1000만원미만,사무종사자,기혼,안정형,796000
남,50대,3000만원미만,전문직,미혼,안정형,3267000
여,40대,10000만원미만,서비스업,미혼,안정추구형,16964000
여,20대,10000만원미만,사무종사자,기혼,공격투자형,9932000
남,60대,10000만원미만,전문직,기혼,안정형,11474000
남,30대,1000만원미만,전문직,미혼,안정추구형,546000
남,50대,10000만원미만,서비스업,기혼,안정형,14628000
남,50대,3000만원미만,자영업,기혼,적극투자형,3199000
여,20대,3000만원미만,전문직,기혼,적극투자형,1536000
남,30대,3000만원미만,자영업,미혼,위험중립형,2396000
남,50대,3000만원미만,자영업,기혼,안정형,2288000
남,40대,10000만원이상,사무종사자,기혼,안정형,25830000
남,20대,5000만원미만,자영업,미혼,안정추구형,3852000
남,30대,1000만원미만,기타,미혼,안정추구형,693000
남,40대,3000만원미만,서비스업,기혼,적극투자형,1885000
남,20대,5000만원미만,자영업,기혼,공격투자형,6136000
남,30대,3000만원미만,서비스업,미혼,위험중립형,1785000
남,40대,1000만원미만,기타,미혼,안정형,654000
남,20대,10000만원미만,전문직,미혼,안정추구형,10377000
남,50대,3000만원미만,사무종사자,기혼,안정추구형,2132000
여,40대,5000만원미만,사무종사자,미혼,위험중립형,6079000
남,50대,5000만원미만,사무종사자,기혼,위험중립형,7656000
남,50대,5000만원미만,사무종사자,미혼,안정형,9744000
여,40대,5000만원미만,전문직,기혼,안정형,2091000
여,20대,1000만원미만,전문직,기혼,공격투자형,1444000
여,30대,10000만원이상,서비스업,기혼,위험중립형,35924000
여,30대,5000만원미만,전문직,기혼,위험중립형,7345000
여,40대,10000만원미만,전문직,기혼,안정형,10499000
남,40대,3000만원미만,사무종사자,기혼,공격투자형,2155000
여,30대,5000만원미만,서비스업,미혼,안정형,2916000
남,20대,5000만원미만,자영업,기혼,안정추구형,5632000
여,50대,1000만원미만,사무종사자,미혼,위험중립형,359000
남,60대,5000만원미만,자영업,기혼,적극투자형,8613000
여,50대,5000만원미만,기타,기혼,공격투자형,7285000
남,50대,10000만원미만,자영업,기혼,안정추구형,8425000
남,30대,1000만원미만,서비스업,기혼,안정추구형,413000
남,20대,5000만원미만,기타,미혼,안정형,5774000
남,50대,10000만원미만,서비스업,미혼,적극투자형,14399000
여,40대,10000만원이상,기타,기혼,적극투자형,32142000
여,30대,10000만원미만,기타,기혼,위험중립형,16942000
남,40대,1000만원미만,전문직,기혼,안정형,472000
여,60대,1000만원미만,자영업,미혼,적극투자형,729000
여,20대,3000만원미만,사무종사자,기혼,안정추구형,2789000
여,40대,1000만원미만,기타,기혼,공격투자형,423000
남,60대,3000만원미만,전문직,기혼,적극투자형,2480000
여,30대,10000만원미만,자영업,기혼,적극투자형,19698000
남,60대,5000만원미만,사무종사자,미혼,안정추구형,4430000
여,30대,1000만원미만,자영업,미혼,안정형,576000
여,30대,5000만원미만,전문직,기혼,안정추구형,7456000
남,20대,10000만원미만,전문직,기혼,적극투자형,15893000
여,30대,3000만원미만,자영업,미혼,안정형,3219000
여,40대,5000만원미만,전문직,기혼,안정형,4071000
여,40대,1000만원미만,자영업,기혼,적극투자형,1566000
남,60대,3000만원미만,서비스업,미혼,적극투자형,2824000
여,30대,3000만원미만,자영업,미혼,안정추구형,2093000
남,20대,3000만원미만,기타,기혼,안정형,2293000
남,40대,5000만원미만,자영업,미혼,안정형,3185000
여,40대,10000만원미만,자영업,미혼,적극투자형,10504000
남,20대,5000만원미만,전문직,기혼,위험중립형,8758000
여,50대,1000만원미만,서비스업,기혼,안정형,613000
여,60대,1000만원미만,기타,미혼,위험중립형,558000
남,30대,3000만원미만,자영업,미혼,안정형,2948000
여,40대,3000만원미만,기타,기혼,위험중립형,3088000
여,60대,1000만원미만,서비스업,기혼,위험중립형,429000
여,50대,3000만원미만,자영업,기혼,적극투자형,3898000
여,40대,3000만원미만,자영업,기혼,공격투자형,2441000
여,20대,3000만원미만,자영업,기혼,안정추구형,1155000
여,30대,5000만원미만,사무종사자,기혼,안정형,3556000
남,30대,1000만원미만,전문직,기혼,위험중립형,1583000
남,40대,10000만원미만,자영업,기혼,공격투자형,24425000
남,30대,10000만원미만,기타,미혼,위험중립형,23600000
남,20대,1000만원미만,사무종사자,기혼,위험중립형,716000
여,60대,5000만원미만,사무종사자,기혼,공격투자형,8030000
여,50대,10000만원미만,서비스업,기혼,안정추구형,13504000
여,50대,10000만원미만,자영업,기혼,안정추구형,15240000
남,50대,10000만원이상,전문직,기혼,적극투자형,56454000
남,60대,10000만원미만,사무종사자,기혼,적극투자형,25291000
남,60대,1000만원미만,기타,미혼,적극투자형,1255000
여,20대,5000만원미만,자영업,기혼,안정형,5993000
여,30대,5000만원미만,서비스업,기혼,안정추구형,8494000
남,60대,5000만원미만,서비스업,미혼,안정형,7365000
여,40대,5000만원미만,사무종사자,미혼,안정형,7040000
여,20대,10000만원이상,기타,기혼,적극투자형,35804000
남,50대,5000만원미만,사무종사자,미혼,안정형,5753000
남,40대,5000만원미만,전문직,기혼,적극투자형,12970000
남,30대,3000만원미만,자영업,미혼,안정형,2463000
남,30대,10000만원미만,전문직,미혼,안정형,16560000
여,50대,3000만원미만,전문직,기혼,안정추구형,1779000
여,30대,5000만원미만,기타,기혼,적극투자형,6581000
여,60대,1000만원미만,기타,기혼,공격투자형,772000
여,30대,5000만원미만,전문직,미혼,적극투자형,6630000
여,50대,3000만원미만,서비스업,미혼,적극투자형,1671000
남,30대,5000만원미만,기타,기혼,안정추구형,6553000
여,60대,10000만원미만,자영업,기혼,안정추구형,18837000
여,20대,1000만원미만,자영업,미혼,적극투자형,261000
여,30대,1000만원미만,전문직,기혼,공격투자형,768000
여,20대,3000만원미만,자영업,미혼,안정형,4337000
여,50대,3000만원미만,자영업,미혼,적극투자형,2900000
남,30대,1000만원미만,자영업,기혼,안정추구형,816000
여,40대,3000만원미만,사무종사자,기혼,적극투자형,1959000
여,30대,10000만원미만,기타,미혼,위험중립형,11351000
남,30대,3000만원미만,기타,미혼,안정형,1598000
남,60대,3000만원미만,사무종사자,미혼,공격투자형,2411000
여,50대,10000만원미만,전문직,미혼,위험중립형,9342000
여,30대,1000만원미만,기타,미혼,안정형,978000
남,20대,10000만원미만,자영업,기혼,적극투자형,29318000
여,20대,3000만원미만,서비스업,기혼,적극투자형,2284000
여,30대,10000만원이상,사무종사자,미혼,안정추구형,62079000
여,30대,3000만원미만,서비스업,기혼,위험중립형,1694000
여,50대,3000만원미만,서비스업,기혼,위험중립형,2205000
여,40대,10000만원미만,서비스업,미혼,위험중립형,16101000
여,30대,1000만원미만,서비스업,기혼,공격투자형,1080000
여,40대,10000만원미만,전문직,기혼,안정형,11076000
남,50대,10000만원미만,기타,미혼,적극투자형,9117000
남,20대,10000만원미만,서비스업,기혼,공격투자형,12335000
남,30대,3000만원미만,전문직,미혼,위험중립형,3140000
여,30대,5000만원미만,서비스업,기혼,안정형,4078000
남,50대,3000만원미만,사무종사자,미혼,안정추구형,1595000
여,40대,1000만원미만,기타,기혼,공격투자형,1446000
여,50대,1000만원미만,전문직,기혼,공격투자형,718000
남,50대,5000만원미만,기타,기혼,적극투자형,10420000
남,50대,10000만원이상,기타,기혼,위험중립형,42386000
남,30대,10000만원미만,자영업,미혼,안정추구형,18027000
여,50대,1000만원미만,서비스업,기혼,안정추구형,900000
여,50대,5000만원미만,자영업,미혼,안정형,5302000
남,20대,10000만원미만,기타,기혼,안정추구형,8960000
남,40대,1000만원미만,자영업,기혼,안정형,672000
남,50대,3000만원미만,사무종사자,기혼,안정추구형,2602000
여,40대,3000만원미만,서비스업,미혼,위험중립형,4048000
남,60대,10000만원미만,전문직,미혼,공격투자형,9144000
여,30대,3000만원미만,서비스업,기혼,안정추구형,2539000
여,50대,3000만원미만,전문직,기혼,안정추구형,2410000
여,40대,1000만원미만,사무종사자,기혼,공격투자형,516000
여,40대,3000만원미만,사무종사자,기혼,안정추구형,1487000
남,50대,1000만원미만,서비스업,미혼,공격투자형,626000
여,30대,3000만원미만,자영업,미혼,안정형,1065000
여,50대,10000만원미만,자영업,기혼,안정추구형,10524000
여,40대,3000만원미만,기타,기혼,적극투자형,5803000
남,30대,5000만원미만,기타,기혼,안정형,3434000
남,30대,10000만원이상,자영업,기혼,안정형,33168000
여,40대,1000만원미만,사무종사자,기혼,위험중립형,684000
남,60대,3000만원미만,전문직,기혼,공격투자형,1511000
남,30대,10000만원이상,자영업,미혼,안정추구형,19632000
남,60대,10000만원미만,전문직,기혼,안정형,16413000
남,20대,10000만원미만,사무종사자,미혼,위험중립형,10068000
남,60대,10000만원이상,기타,미혼,위험중립형,50105000
여,40대,5000만원미만,서비스업,기혼,적극투자형,5234000
여,40대,3000만원미만,서비스업,기혼,안정형,1682000
여,60대,3000만원미만,기타,미혼,안정추구형,2108000
여,20대,5000만원미만,전문직,미혼,안정추구형,5808000
남,20대,3000만원미만,기타,기혼,공격투자형,3605000
남,50대,10000만원미만,전문직,기혼,안정추구형,15696000
남,30대,5000만원미만,자영업,기혼,안정추구형,4267000
여,30대,10000만원이상,기타,기혼,안정추구형,34582000
여,50대,10000만원미만,전문직,기혼,안정추구형,7374000
남,40대,5000만원미만,자영업,미혼,안정추구형,5283000
남,50대,5000만원미만,전문직,기혼,공격투자형,8926000
여,60대,3000만원미만,사무종사자,기혼,안정형,3459000
여,30대,5000만원미만,전문직,기혼,안정형,3833000
여,40대,5000만원미만,사무종사자,미혼,안정추구형,7622000
여,20대,5000만원미만,기타,미혼,안정형,6280000
남,60대,10000만원미만,전문직,기혼,적극투자형,20690000
여,60대,5000만원미만,기타,기혼,적극투자형,5664000
남,50대,10000만원이상,전문직,기혼,위험중립형,20624000
여,30대,10000만원미만,서비스업,기혼,위험중립형,16362000
여,50대,10000만원미만,기타,기혼,안정형,15637000
남,40대,10000만원미만,사무종사자,기혼,위험중립형,20575000
남,40대,1000만원미만,전문직,미혼,안정추구형,929000
여,40대,3000만원미만,서비스업,미혼,공격투자형,2270000
남,20대,3000만원미만,서비스업,미혼,위험중립형,1671000
남,30대,10000만원미만,기타,기혼,안정추구형,17417000
남,20대,5000만원미만,사무종사자,기혼,안정형,4790000
여,50대,10000만원미만,서비스업,기혼,적극투자형,13766000
남,60대,5000만원미만,사무종사자,기혼,적극투자형,10032000
남,20대,10000만원이상,전문직,기혼,안정추구형,41833000
남,50대,3000만원미만,자영업,기혼,적극투자형,2689000
여,30대,3000만원미만,서비스업,기혼,안정추구형,2109000
남,20대,3000만원미만,자영업,기혼,적극투자형,3280000
여,30대,5000만원미만,사무종사자,기혼,적극투자형,5072000
여,50대,5000만원미만,전문직,기혼,안정형,6300000
남,20대,3000만원미만,전문직,기혼,위험중립형,3174000
남,30대,5000만원미만,전문직,기혼,안정형,4935000
여,50대,3000만원미만,사무종사자,기혼,안정형,2385000
남,20대,5000만원미만,사무종사자,기혼,적극투자형,5210000
남,60대,5000만원미만,사무종사자,기혼,안정형,11485000
남,60대,5000만원미만,전문직,기혼,안정추구형,4541000
남,40대,10000만원미만,전문직,기혼,위험중립형,21627000
여,30대,5000만원미만,기타,미혼,안정형,4343000
남,40대,3000만원미만,전문직,미혼,적극투자형,2281000
남,50대,5000만원미만,기타,기혼,공격투자형,8088000
남,20대,3000만원미만,전문직,기혼,안정형,4558000
남,20대,5000만원미만,기타,기혼,안정추구형,5671000
여,40대,3000만원미만,서비스업,기혼,안정형,1916000
여,40대,3000만원미만,서비스업,기혼,공격투자형,1304000
남,60대,10000만원미만,자영업,기혼,위험중립형,26653000
남,50대,10000만원미만,사무종사자,미혼,적극투자형,9938000
여,50대,10000만원이상,서비스업,미혼,공격투자형,77153000
여,60대,5000만원미만,기타,미혼,공격투자형,7606000
남,30대,10000만원이상,자영업,미혼,공격투자형,64960000
남,60대,5000만원미만,기타,기혼,공격투자형,6683000
남,50대,10000만원이상,전문직,기혼,안정추구형,31171000
여,30대,10000만원미만,사무종사자,기혼,안정추구형,11665000
남,40대,3000만원미만,사무종사자,기혼,안정추구형,5330000
여,30대,10000만원미만,자영업,기혼,안정추구형,13588000
남,30대,3000만원미만,서비스업,기혼,적극투자형,2477000
여,60대,3000만원미만,전문직,미혼,안정형,1771000
남,50대,5000만원미만,사무종사자,기혼,적극투자형,10025000
남,40대,3000만원미만,전문직,미혼,적극투자형,4880000
남,60대,1000만원미만,사무종사자,미혼,안정형,612000
여,60대,1000만원미만,사무종사자,미혼,안정형,316000
남,20대,3000만원미만,사무종사자,미혼,공격투자형,2109000
남,20대,10000만원이상,전문직,미혼,위험중립형,29961000
남,60대,5000만원미만,전문직,미혼,위험중립형,6683000
남,30대,3000만원미만,자영업,기혼,공격투자형,2183000
남,30대,10000만원이상,전문직,미혼,공격투자형,24779000
남,40대,5000만원미만,사무종사자,기혼,안정추구형,5123000
여,30대,5000만원미만,전문직,기혼,안정형,7296000
여,60대,5000만원미만,전문직,미혼,적극투자형,6480000
남,40대,3000만원미만,사무종사자,미혼,안정추구형,3023000
여,40대,5000만원미만,자영업,기혼,적극투자형,10510000
남,60대,3000만원미만,전문직,기혼,안정추구형,3834000
여,40대,10000만원미만,자영업,미혼,적극투자형,12526000
여,50대,1000만원미만,기타,미혼,안정추구형,598000
남,60대,1000만원미만,전문직,기혼,적극투자형,838000
남,50대,1000만원미만,자영업,기혼,안정추구형,823000
여,40대,1000만원미만,자영업,미혼,안정추구형,1007000
여,50대,10000만원미만,전문직,미혼,공격투자형,12227000
여,20대,3000만원미만,자영업,미혼,공격투자형,4118000
남,60대,3000만원미만,사무종사자,기혼,안정형,4409000
남,50대,1000만원미만,자영업,기혼,적극투자형,741000
남,20대,10000만원이상,사무종사자,미혼,적극투자형,51007000
남,40대,3000만원미만,기타,기혼,안정추구형,1641000
남,40대,10000만원미만,기타,기혼,안정형,9772000
여,30대,10000만원미만,사무종사자,기혼,안정추구형,11288000
남,20대,3000만원미만,서비스업,기혼,안정추구형,3269000
남,50대,3000만원미만,사무종사자,기혼,적극투자형,4941000
여,60대,10000만원미만,서비스업,미혼,적극투자형,11301000
남,40대,1000만원미만,기타,미혼,공격투자형,514000
여,50대,5000만원미만,서비스업,미혼,공격투자형,11437000
여,30대,3000만원미만,서비스업,미혼,위험중립형,1211000
남,50대,5000만원미만,전문직,기혼,위험중립형,3013000
여,60대,10000만원미만,자영업,기혼,위험중립형,12859000
남,50대,10000만원미만,기타,기혼,안정추구형,9880000
여,40대,10000만원미만,전문직,기혼,위험중립형,12852000
여,20대,3000만원미만,서비스업,기혼,안정추구형,2646000
여,60대,5000만원미만,사무종사자,기혼,안정추구형,4216000
남,30대,10000만원미만,서비스업,기혼,안정추구형,13317000
남,60대,10000만원미만,서비스업,미혼,적극투자형,13532000
남,20대,10000만원이상,기타,기혼,위험중립형,23749000
남,30대,5000만원미만,사무종사자,미혼,안정추구형,4708000
여,50대,10000만원미만,자영업,기혼,적극투자형,18947000
여,20대,3000만원미만,자영업,기혼,공격투자형,3296000
남,20대,10000만원이상,전문직,기혼,적극투자형,40774000
남,30대,3000만원미만,사무종사자,기혼,공격투자형,4537000
여,50대,1000만원미만,기타,미혼,안정형,719000
남,40대,10000만원미만,자영업,기혼,안정추구형,9943000
여,40대,1000만원미만,전문직,미혼,적극투자형,1136000
여,50대,10000만원미만,전문직,기혼,적극투자형,9749000
여,20대,5000만원미만,사무종사자,기혼,안정추구형,3974000
여,30대,3000만원미만,기타,기혼,공격투자형,2088000
여,30대,5000만원미만,서비스업,기혼,안정형,6763000
여,30대,10000만원이상,사무종사자,미혼,안정형,31449000
남,50대,10000만원미만,기타,기혼,공격투자형,18038000
여,30대,10000만원미만,기타,기혼,공격투자형,12786000
남,40대,3000만원미만,자영업,미혼,적극투자형,2740000
남,50대,3000만원미만,자영업,미혼,공격투자형,3491000
여,50대,5000만원미만,전문직,미혼,안정추구형,5947000
여,50대,10000만원미만,전문직,기혼,안정추구형,18834000
여,50대,5000만원미만,서비스업,기혼,안정추구형,6124000
남,30대,3000만원미만,전문직,기혼,공격투자형,3056000
여,20대,1000만원미만,전문직,기혼,위험중립형,884000
여,30대,1000만원미만,기타,기혼,공격투자형,791000
남,50대,5000만원미만,서비스업,미혼,안정추구형,4818000
남,60대,5000만원미만,자영업,기혼,안정추구형,5478000
남,20대,10000만원미만,사무종사자,기혼,안정추구형,20669000
여,30대,1000만원미만,자영업,기혼,안정형,1607000
남,20대,5000만원미만,서비스업,미혼,안정추구형,7357000
남,20대,10000만원이상,자영업,기혼,안정형,62101000
여,30대,1000만원미만,기타,기혼,위험중립형,507000
여,40대,3000만원미만,사무종사자,기혼,위험중립형,2934000
여,30대,10000만원미만,사무종사자,기혼,위험중립형,17406000
남,60대,3000만원미만,자영업,기혼,공격투자형,2241000
남,20대,1000만원미만,기타,기혼,공격투자형,1163000
남,50대,3000만원미만,기타,미혼,안정추구형,2799000
남,40대,3000만원미만,전문직,미혼,안정형,1969000
여,30대,10000만원이상,전문직,기혼,적극투자형,28737000
여,50대,5000만원미만,전문직,기혼,위험중립형,4733000
여,60대,5000만원미만,서비스업,미혼,공격투자형,7634000
여,20대,5000만원미만,자영업,기혼,공격투자형,9896000
남,60대,5000만원미만,서비스업,기혼,적극투자형,14168000
남,20대,1000만원미만,서비스업,기혼,적극투자형,894000
여,20대,10000만원이상,기타,미혼,안정형,47271000
남,30대,5000만원미만,사무종사자,기혼,안정추구형,5225000
여,20대,10000만원이상,서비스업,기혼,위험중립형,31814000
남,30대,1000만원미만,기타,미혼,적극투자형,525000
남,40대,10000만원미만,사무종사자,기혼,공격투자형,21814000
남,60대,10000만원미만,자영업,기혼,안정추구형,11218000
남,30대,3000만원미만,서비스업,미혼,안정추구형,2879000
여,60대,5000만원미만,전문직,기혼,적극투자형,8468000
남,60대,3000만원미만,사무종사자,미혼,위험중립형,2564000
여,30대,5000만원미만,서비스업,기혼,적극투자형,7379000
여,50대,10000만원이상,기타,기혼,적극투자형,31592000
여,30대,3000만원미만,서비스업,기혼,적극투자형,2483000
여,30대,10000만원미만,서비스업,기혼,안정추구형,10171000
여,50대,10000만원미만,서비스업,미혼,안정형,10655000
여,20대,3000만원미만,기타,미혼,적극투자형,2604000
여,50대,5000만원미만,전문직,기혼,적극투자형,4718000
남,60대,10000만원이상,서비스업,기혼,적극투자형,70726000
남,50대,10000만원미만,전문직,미혼,위험중립형,14805000
여,50대,10000만원미만,서비스업,미혼,위험중립형,15025000
여,20대,1000만원미만,자영업,미혼,안정형,550000
여,20대,5000만원미만,자영업,기혼,공격투자형,4102000
여,40대,3000만원미만,서비스업,기혼,안정형,2100000
여,40대,3000만원미만,전문직,기혼,안정추구형,1861000
남,50대,3000만원미만,전문직,미혼,안정형,3333000
남,30대,3000만원미만,전문직,미혼,공격투자형,2269000
여,20대,3000만원미만,기타,미혼,적극투자형,3939000
여,40대,5000만원미만,자영업,기혼,안정형,2416000
남,60대,3000만원미만,서비스업,기혼,적극투자형,1884000
남,40대,1000만원미만,사무종사자,기혼,위험중립형,920000
남,20대,10000만원미만,사무종사자,기혼,적극투자형,14501000
남,40대,10000만원미만,자영업,기혼,위험중립형,11628000
여,40대,5000만원미만,전문직,기혼,위험중립형,7515000
남,40대,5000만원미만,서비스업,미혼,공격투자형,5529000
남,60대,10000만원이상,자영업,기혼,적극투자형,86202000
여,60대,3000만원미만,기타,미혼,공격투자형,2818000
남,20대,10000만원미만,자영업,기혼,안정형,8766000
여,50대,3000만원미만,기타,미혼,안정형,1757000
여,40대,1000만원미만,기타,기혼,안정추구형,582000
남,50대,1000만원미만,자영업,기혼,안정형,677000
남,30대,10000만원미만,기타,기혼,위험중립형,18650000
남,50대,10000만원미만,기타,기혼,적극투자형,23212000
남,60대,1000만원미만,기타,미혼,공격투자형,1799000
남,40대,5000만원미만,사무종사자,기혼,위험중립형,7794000
남,20대,3000만원미만,기타,기혼,위험중립형,2078000
남,50대,5000만원미만,자영업,기혼,안정형,6824000
여,60대,5000만원미만,서비스업,기혼,공격투자형,5926000
여,50대,10000만원미만,전문직,기혼,적극투자형,13900000
여,40대,3000만원미만,기타,기혼,공격투자형,2058000
여,30대,10000만원미만,사무종사자,미혼,안정형,8126000
남,20대,5000만원미만,사무종사자,미혼,공격투자형,4905000
남,40대,3000만원미만,자영업,미혼,안정형,1883000
여,20대,10000만원미만,자영업,기혼,공격투자형,16944000
여,40대,3000만원미만,기타,기혼,위험중립형,1589000
여,60대,1000만원미만,자영업,기혼,안정추구형,797000
여,40대,10000만원미만,사무종사자,기혼,공격투자형,12279000
남,30대,3000만원미만,사무종사자,미혼,안정형,2445000
여,30대,3000만원미만,서비스업,미혼,안정추구형,2448000
남,50대,3000만원미만,전문직,미혼,안정형,2522000
남,20대,3000만원미만,기타,기혼,위험중립형,2020000
남,20대,3000만원미만,전문직,기혼,공격투자형,2913000
남,40대,3000만원미만,자영업,미혼,위험중립형,2383000
남,20대,5000만원미만,기타,기혼,안정형,5177000
여,20대,10000만원미만,자영업,미혼,안정형,15848000
여,60대,5000만원미만,자영업,기혼,위험중립형,3761000
여,40대,1000만원미만,사무종사자,기혼,적극투자형,827000
남,20대,10000만원이상,서비스업,미혼,안정추구형,31195000
남,50대,10000만원미만,기타,기혼,적극투자형,15909000
여,60대,5000만원미만,서비스업,기혼,적극투자형,8404000
남,20대,10000만원이상,전문직,기혼,안정형,41809000
여,40대,3000만원미만,자영업,기혼,안정추구형,1630000
남,40대,10000만원미만,전문직,기혼,안정형,11825000
남,40대,3000만원미만,자영업,미혼,적극투자형,2624000
여,40대,10000만원미만,자영업,미혼,안정형,12455000
남,50대,10000만원이상,사무종사자,미혼,적극투자형,37908000
여,20대,10000만원미만,서비스업,기혼,안정추구형,17271000
남,30대,5000만원미만,서비스업,미혼,적극투자형,11779000
남,40대,10000만원미만,사무종사자,미혼,안정추구형,11954000
여,50대,10000만원미만,기타,기혼,위험중립형,15261000
여,40대,5000만원미만,서비스업,미혼,적극투자형,7300000
남,40대,1000만원미만,자영업,기혼,위험중립형,851000
남,40대,3000만원미만,전문직,미혼,안정추구형,4186000
남,60대,1000만원미만,자영업,미혼,적극투자형,1243000
여,40대,10000만원이상,전문직,기혼,위험중립형,33663000
남,20대,10000만원미만,사무종사자,미혼,적극투자형,33313000
여,50대,10000만원이상,자영업,기혼,위험중립형,42890000
여,30대,5000만원미만,기타,기혼,적극투자형,3867000
남,60대,1000만원미만,전문직,기혼,안정형,709000
여,20대,5000만원미만,전문직,기혼,안정형,6023000
남,50대,5000만원미만,전문직,미혼,안정추구형,6855000
남,40대,10000만원미만,자영업,미혼,안정형,12330000
남,60대,5000만원미만,자영업,미혼,안정추구형,7791000
남,30대,3000만원미만,사무종사자,미혼,공격투자형,1668000
남,50대,10000만원미만,기타,기혼,안정추구형,16600000
여,30대,3000만원미만,자영업,기혼,안정추구형,1445000
여,50대,5000만원미만,자영업,기혼,위험중립형,3822000
여,30대,5000만원미만,자영업,미혼,안정형,7351000
여,30대,10000만원미만,전문직,미혼,적극투자형,9389000
남,40대,3000만원미만,서비스업,기혼,공격투자형,3234000
여,40대,1000만원미만,기타,기혼,위험중립형,702000
여,30대,3000만원미만,사무종사자,기혼,위험중립형,2906000
남,50대,10000만원미만,사무종사자,미혼,안정형,8477000
여,40대,10000만원이상,전문직,미혼,위험중립형,69271000
여,40대,5000만원미만,기타,미혼,안정형,5007000
남,20대,3000만원미만,서비스업,기혼,안정형,2389000
여,60대,5000만원미만,사무종사자,기혼,안정추구형,7934000
여,50대,10000만원미만,사무종사자,기혼,위험중립형,17717000
여,20대,5000만원미만,서비스업,기혼,적극투자형,11181000
남,60대,10000만원미만,자영업,기혼,적극투자형,21462000
여,60대,3000만원미만,사무종사자,기혼,위험중립형,3003000
남,40대,10000만원이상,기타,기혼,공격투자형,52855000
여,40대,3000만원미만,사무종사자,미혼,안정추구형,1761000
남,50대,5000만원미만,전문직,기혼,적극투자형,3277000
여,40대,5000만원미만,서비스업,기혼,위험중립형,4818000
남,30대,5000만원미만,전문직,기혼,위험중립형,9923000
여,30대,1000만원미만,사무종사자,기혼,안정형,596000
여,40대,3000만원미만,전문직,기혼,적극투자형,1791000
남,60대,3000만원미만,자영업,기혼,공격투자형,2412000
여,60대,10000만원미만,자영업,기혼,위험중립형,24721000
남,30대,5000만원미만,서비스업,기혼,위험중립형,8075000
남,20대,3000만원미만,자영업,기혼,위험중립형,2423000
남,60대,3000만원미만,사무종사자,기혼,공격투자형,3794000
남,40대,1000만원미만,기타,미혼,위험중립형,416000
남,20대,5000만원미만,서비스업,기혼,위험중립형,9321000
여,30대,1000만원미만,사무종사자,미혼,안정형,594000
남,50대,3000만원미만,사무종사자,기혼,위험중립형,3164000
여,20대,5000만원미만,사무종사자,미혼,안정형,4371000
여,40대,3000만원미만,자영업,미혼,안정형,2663000
여,20대,1000만원미만,기타,미혼,위험중립형,855000
여,60대,10000만원미만,기타,기혼,적극투자형,14960000
남,20대,10000만원미만,자영업,기혼,위험중립형,26591000
여,60대,5000만원미만,서비스업,미혼,안정형,5770000
남,40대,10000만원미만,자영업,기혼,적극투자형,22219000
여,40대,3000만원미만,서비스업,기혼,적극투자형,2953000
남,30대,5000만원미만,사무종사자,기혼,안정형,2923000
남,50대,1000만원미만,전문직,기혼,적극투자형,1013000
남,40대,5000만원미만,사무종사자,기혼,적극투자형,6041000
여,30대,10000만원미만,사무종사자,미혼,공격투자형,23193000
남,40대,5000만원미만,서비스업,기혼,안정추구형,5584000
남,40대,3000만원미만,기타,기혼,위험중립형,1773000
여,30대,5000만원미만,자영업,미혼,위험중립형,7074000
여,60대,5000만원미만,전문직,미혼,안정추구형,6780000
남,50대,10000만원미만,자영업,미혼,안정추구형,10437000
여,40대,10000만원미만,전문직,미혼,위험중립형,12708000
남,40대,3000만원미만,서비스업,미혼,적극투자형,3120000
남,40대,5000만원미만,전문직,미혼,위험중립형,8385000
여,50대,10000만원이상,사무종사자,기혼,안정형,38769000
남,30대,10000만원미만,기타,기혼,안정형,9298000
여,40대,1000만원미만,자영업,기혼,안정추구형,876000
남,50대,10000만원미만,사무종사자,기혼,안정추구형,11855000
여,30대,5000만원미만,전문직,기혼,안정추구형,10441000
남,60대,10000만원미만,서비스업,미혼,위험중립형,11764000
남,40대,10000만원이상,서비스업,미혼,안정추구형,76378000
남,30대,1000만원미만,기타,미혼,위험중립형,1156000
여,60대,10000만원미만,자영업,미혼,안정추구형,10671000
남,40대,5000만원미만,서비스업,미혼,안정형,10840000
남,60대,1000만원미만,전문직,기혼,안정형,835000
남,20대,5000만원미만,전문직,미혼,안정형,6443000
여,30대,5000만원미만,사무종사자,기혼,적극투자형,6732000
남,50대,5000만원미만,전문직,기혼,적극투자형,7252000
남,20대,5000만원미만,서비스업,미혼,안정형,6970000
남,60대,10000만원미만,전문직,기혼,위험중립형,14731000
남,40대,5000만원미만,사무종사자,미혼,안정추구형,7021000
여,60대,3000만원미만,사무종사자,기혼,공격투자형,1977000
여,50대,10000만원이상,사무종사자,미혼,안정형,47898000
여,20대,10000만원미만,자영업,기혼,안정형,8871000
여,30대,10000만원미만,사무종사자,미혼,안정형,22730000
남,40대,5000만원미만,전문직,기혼,공격투자형,9793000
여,30대,3000만원미만,전문직,미혼,위험중립형,2295000
남,30대,5000만원미만,사무종사자,기혼,안정형,2960000
여,60대,5000만원미만,서비스업,기혼,공격투자형,6286000
여,40대,3000만원미만,서비스업,기혼,위험중립형,2831000
남,40대,1000만원미만,전문직,기혼,안정형,560000
여,40대,5000만원미만,사무종사자,기혼,공격투자형,6885000
남,30대,1000만원미만,사무종사자,미혼,위험중립형,491000
여,50대,5000만원미만,사무종사자,미혼,위험중립형,4914000
남,30대,5000만원미만,사무종사자,기혼,안정추구형,5940000
여,60대,3000만원미만,전문직,기혼,공격투자형,3591000
여,50대,1000만원미만,기타,기혼,위험중립형,1510000
여,20대,5000만원미만,자영업,기혼,적극투자형,5658000
남,50대,10000만원미만,서비스업,기혼,적극투자형,18554000
여,40대,3000만원미만,서비스업,기혼,안정추구형,2632000
남,60대,1000만원미만,기타,기혼,안정형,873000
여,30대,10000만원미만,사무종사자,기혼,공격투자형,13917000
남,50대,3000만원미만,사무종사자,기혼,적극투자형,2996000
남,20대,3000만원미만,기타,기혼,적극투자형,3312000
남,40대,1000만원미만,자영업,미혼,안정추구형,508000
여,20대,3000만원미만,사무종사자,기혼,안정추구형,1704000
여,60대,10000만원미만,사무종사자,미혼,안정형,12074000
남,30대,1000만원미만,전문직,기혼,위험중립형,769000
남,50대,10000만원미만,서비스업,미혼,안정추구형,10915000
여,50대,3000만원미만,사무종사자,기혼,안정형,1608000
남,30대,5000만원미만,전문직,미혼,위험중립형,5311000
남,30대,10000만원미만,사무종사자,기혼,적극투자형,10152000
남,60대,3000만원미만,자영업,기혼,적극투자형,2584000
남,40대,3000만원미만,기타,미혼,적극투자형,4724000
여,20대,10000만원미만,서비스업,미혼,안정형,11514000
남,60대,3000만원미만,자영업,미혼,안정형,1660000
여,50대,10000만원이상,자영업,기혼,공격투자형,33425000
남,50대,3000만원미만,서비스업,기혼,적극투자형,2584000
여,30대,3000만원미만,서비스업,미혼,안정형,2380000
남,40대,3000만원미만,사무종사자,기혼,공격투자형,3559000
남,30대,10000만원이상,사무종사자,기혼,적극투자형,99472000
남,50대,5000만원미만,자영업,미혼,공격투자형,12196000
남,30대,10000만원이상,기타,기혼,위험중립형,59714000
남,60대,5000만원미만,전문직,기혼,적극투자형,6258000
남,30대,5000만원미만,사무종사자,기혼,적극투자형,6637000
남,40대,5000만원미만,전문직,기혼,공격투자형,5773000
남,40대,3000만원미만,전문직,미혼,공격투자형,3797000
여,60대,5000만원미만,전문직,미혼,안정형,7201000
남,50대,3000만원미만,기타,기혼,위험중립형,3817000
여,40대,10000만원미만,기타,기혼,위험중립형,10997000
남,40대,3000만원미만,자영업,미혼,안정형,2896000
여,30대,3000만원미만,사무종사자,기혼,위험중립형,1619000
여,50대,5000만원미만,사무종사자,기혼,위험중립형,3500000
여,30대,3000만원미만,기타,미혼,위험중립형,2738000
남,50대,5000만원미만,자영업,미혼,안정추구형,6780000
남,30대,3000만원미만,전문직,미혼,안정형,2241000
남,50대,3000만원미만,기타,기혼,안정추구형,2828000
남,60대,3000만원미만,전문직,미혼,위험중립형,2007000
여,50대,5000만원미만,전문직,기혼,위험중립형,7018000
여,30대,10000만원미만,사무종사자,기혼,공격투자형,15408000
남,50대,10000만원미만,자영업,기혼,안정형,18063000
여,40대,10000만원미만,사무종사자,미혼,공격투자형,27092000
남,30대,1000만원미만,사무종사자,기혼,안정형,427000
여,60대,1000만원미만,전문직,미혼,위험중립형,839000
남,40대,10000만원미만,자영업,기혼,공격투자형,17834000
남,50대,3000만원미만,서비스업,기혼,안정형,4264000
남,30대,5000만원미만,서비스업,기혼,공격투자형,8246000
남,20대,10000만원이상,전문직,기혼,위험중립형,31998000
남,40대,5000만원미만,전문직,미혼,안정형,9270000
여,50대,3000만원미만,전문직,기혼,적극투자형,1525000
여,30대,1000만원미만,전문직,기혼,안정형,635000
남,50대,10000만원이상,자영업,기혼,적극투자형,51033000
여,20대,3000만원미만,사무종사자,기혼,적극투자형,3106000
남,50대,3000만원미만,서비스업,미혼,적극투자형,2620000
남,60대,10000만원미만,전문직,미혼,안정형,16400000
여,20대,5000만원미만,서비스업,기혼,안정형,5725000
남,40대,3000만원미만,전문직,미혼,안정추구형,1447000
여,40대,10000만원미만,전문직,미혼,적극투자형,18489000
남,60대,10000만원미만,기타,미혼,적극투자형,11158000
남,30대,1000만원미만,자영업,미혼,안정형,1083000
여,30대,1000만원미만,기타,미혼,안정추구형,888000
여,30대,10000만원미만,서비스업,미혼,안정형,13268000
남,20대,5000만원미만,기타,기혼,적극투자형,6749000
여,40대,1000만원미만,전문직,기혼,위험중립형,563000
남,40대,5000만원미만,기타,미혼,공격투자형,10165000
남,50대,1000만원미만,전문직,기혼,적극투자형,1086000
여,50대,3000만원미만,전문직,기혼,안정추구형,2122000
남,50대,3000만원미만,사무종사자,미혼,안정추구형,1350000
여,30대,3000만원미만,기타,미혼,적극투자형,1409000
남,50대,3000만원미만,사무종사자,기혼,안정추구형,4599000
남,20대,10000만원미만,서비스업,기혼,적극투자형,9832000
여,60대,10000만원미만,서비스업,기혼,적극투자형,13319000
남,30대,3000만원미만,자영업,기혼,안정추구형,4056000
여,30대,5000만원미만,기타,미혼,공격투자형,4482000
여,20대,3000만원미만,서비스업,기혼,공격투자형,4542000
여,30대,10000만원미만,자영업,기혼,안정추구형,8579000
여,20대,1000만원미만,기타,기혼,위험중립형,383000
남,50대,3000만원미만,기타,미혼,공격투자형,2879000
남,40대,3000만원미만,기타,기혼,공격투자형,2928000
여,50대,10000만원미만,자영업,미혼,안정형,12198000
남,50대,1000만원미만,사무종사자,미혼,공격투자형,429000
여,40대,10000만원미만,전문직,기혼,위험중립형,20655000
여,20대,3000만원미만,서비스업,기혼,공격투자형,2338000
여,30대,10000만원미만,자영업,미혼,공격투자형,13407000
여,60대,10000만원이상,전문직,미혼,안정형,31167000
여,40대,3000만원미만,사무종사자,미혼,안정추구형,3158000
남,20대,1000만원미만,서비스업,미혼,안정형,683000
남,50대,10000만원미만,사무종사자,기혼,안정추구형,14184000
남,40대,10000만원미만,기타,미혼,안정추구형,21403000
남,60대,5000만원미만,기타,기혼,적극투자형,6248000
여,30대,3000만원미만,전문직,기혼,안정형,1860000
남,20대,3000만원미만,기타,기혼,안정형,3764000
여,40대,5000만원미만,서비스업,기혼,안정추구형,3948000
남,30대,3000만원미만,서비스업,미혼,위험중립형,1640000
남,60대,3000만원미만,전문직,미혼,위험중립형,1365000
여,40대,10000만원미만,전문직,미혼,적극투자형,25577000
여,60대,10000만원이상,사무종사자,기혼,적극투자형,38314000
남,40대,3000만원미만,사무종사자,기혼,안정형,2235000
여,50대,5000만원미만,전문직,기혼,적극투자형,9146000
남,60대,3000만원미만,전문직,미혼,공격투자형,2918000
남,60대,10000만원미만,서비스업,기혼,안정형,11529000
여,60대,3000만원미만,서비스업,미혼,공격투자형,2099000
여,20대,10000만원이상,전문직,기혼,공격투자형,24914000
여,20대,10000만원미만,사무종사자,기혼,공격투자형,18259000
남,20대,3000만원미만,서비스업,기혼,안정추구형,1963000
여,40대,10000만원이상,사무종사자,기혼,안정형,37835000
남,50대,10000만원미만,전문직,미혼,안정형,22501000
남,30대,5000만원미만,사무종사자,기혼,안정추구형,4310000
여,30대,5000만원미만,서비스업,기혼,공격투자형,4898000
남,50대,3000만원미만,전문직,기혼,적극투자형,4569000
남,50대,3000만원미만,서비스업,미혼,적극투자형,2963000
여,40대,5000만원미만,자영업,기혼,적극투자형,3974000
여,60대,10000만원미만,자영업,미혼,공격투자형,21570000
여,30대,5000만원미만,서비스업,기혼,적극투자형,6082000
남,50대,3000만원미만,자영업,미혼,공격투자형,2349000
남,30대,1000만원미만,사무종사자,기혼,위험중립형,1136000
남,40대,3000만원미만,서비스업,기혼,공격투자형,3867000
남,20대,5000만원미만,사무종사자,기혼,공격투자형,8422000
남,30대,5000만원미만,서비스업,기혼,적극투자형,8682000
여,40대,3000만원미만,서비스업,미혼,적극투자형,2232000
여,60대,5000만원미만,사무종사자,기혼,적극투자형,3984000
여,30대,10000만원미만,전문직,미혼,공격투자형,20188000
남,60대,3000만원미만,서비스업,기혼,안정추구형,1538000
여,40대,3000만원미만,전문직,미혼,위험중립형,2773000
남,40대,10000만원미만,기타,기혼,위험중립형,9549000
남,50대,3000만원미만,사무종사자,기혼,위험중립형,4156000
여,60대,5000만원미만,기타,미혼,적극투자형,5428000
여,50대,3000만원미만,자영업,미혼,위험중립형,3821000
여,50대,5000만원미만,서비스업,기혼,위험중립형,4077000
여,50대,3000만원미만,서비스업,기혼,공격투자형,1246000
남,30대,1000만원미만,전문직,미혼,위험중립형,867000
남,40대,10000만원미만,서비스업,미혼,안정형,14026000
남,30대,5000만원미만,사무종사자,기혼,안정추구형,6105000
남,40대,3000만원미만,자영업,미혼,공격투자형,3925000
남,30대,3000만원미만,사무종사자,미혼,안정형,1621000
남,40대,3000만원미만,자영업,미혼,적극투자형,2191000
남,30대,1000만원미만,자영업,미혼,안정추구형,668000
여,40대,3000만원미만,서비스업,미혼,안정추구형,2823000
여,50대,3000만원미만,서비스업,기혼,적극투자형,1656000
여,50대,5000만원미만,전문직,기혼,적극투자형,6600000
남,50대,10000만원미만,기타,기혼,위험중립형,13741000
남,40대,10000만원미만,서비스업,기혼,안정형,4979000
남,40대,5000만원미만,서비스업,기혼,위험중립형,5904000
남,20대,3000만원미만,사무종사자,미혼,적극투자형,3504000
여,40대,5000만원미만,사무종사자,기혼,위험중립형,8756000
남,40대,5000만원미만,서비스업,기혼,안정형,3556000
여,40대,3000만원미만,자영업,기혼,적극투자형,1677000
남,40대,1000만원미만,서비스업,기혼,위험중립형,837000
여,50대,3000만원미만,전문직,미혼,공격투자형,1648000
여,50대,5000만원미만,기타,기혼,위험중립형,2739000
남,30대,1000만원미만,사무종사자,기혼,적극투자형,1170000
남,30대,1000만원미만,기타,기혼,적극투자형,686000
여,60대,3000만원미만,기타,기혼,적극투자형,2775000
남,20대,10000만원미만,기타,기혼,적극투자형,15985000
남,50대,5000만원미만,사무종사자,미혼,안정추구형,6147000
남,40대,3000만원미만,자영업,미혼,안정형,1612000
남,40대,10000만원미만,서비스업,미혼,적극투자형,12641000
남,40대,5000만원미만,자영업,기혼,안정추구형,3621000
남,50대,5000만원미만,자영업,기혼,공격투자형,8026000
여,40대,5000만원미만,전문직,미혼,안정형,6369000
남,50대,10000만원미만,기타,미혼,적극투자형,14756000
남,30대,10000만원미만,서비스업,기혼,위험중립형,22204000
여,30대,10000만원이상,전문직,기혼,위험중립형,43114000
여,60대,3000만원미만,전문직,기혼,안정형,1857000
여,50대,5000만원미만,사무종사자,미혼,위험중립형,3649000
여,40대,3000만원미만,자영업,미혼,공격투자형,2756000
남,40대,10000만원미만,전문직,미혼,공격투자형,13743000
남,30대,10000만원이상,전문직,기혼,안정형,26606000
여,40대,3000만원미만,전문직,미혼,안정추구형,2557000
여,60대,3000만원미만,기타,미혼,안정추구형,4053000
남,40대,10000만원미만,기타,미혼,안정형,16020000
여,40대,10000만원미만,기타,미혼,안정추구형,9687000
남,30대,10000만원이상,서비스업,기혼,안정추구형,36705000
남,40대,1000만원미만,사무종사자,미혼,공격투자형,1028000
여,50대,3000만원미만,전문직,기혼,적극투자형,3907000
여,40대,10000만원이상,서비스업,미혼,안정형,49718000
남,30대,5000만원미만,사무종사자,기혼,안정추구형,6509000
남,40대,5000만원미만,기타,기혼,안정형,4106000
여,50대,3000만원미만,기타,기혼,안정추구형,1558000
여,20대,10000만원이상,전문직,기혼,안정추구형,23391000
여,20대,10000만원미만,사무종사자,기혼,안정추구형,9163000
남,50대,5000만원미만,서비스업,미혼,공격투자형,8482000
남,40대,10000만원미만,기타,기혼,안정형,9618000
남,30대,5000만원미만,사무종사자,미혼,안정추구형,2268000
남,50대,5000만원미만,자영업,기혼,위험중립형,7933000
남,40대,10000만원미만,서비스업,미혼,위험중립형,20438000
여,20대,5000만원미만,사무종사자,미혼,위험중립형,6074000
여,50대,5000만원미만,기타,기혼,안정추구형,9938000
여,40대,1000만원미만,서비스업,기혼,공격투자형,1094000
남,50대,1000만원미만,자영업,미혼,공격투자형,627000
남,30대,5000만원미만,서비스업,기혼,안정형,4728000
여,30대,3000만원미만,전문직,기혼,공격투자형,2572000
여,40대,5000만원미만,자영업,미혼,공격투자형,9307000
여,40대,5000만원미만,서비스업,기혼,위험중립형,7780000
남,60대,5000만원미만,기타,미혼,안정형,3503000
여,30대,1000만원미만,기타,기혼,공격투자형,333000
여,40대,3000만원미만,서비스업,기혼,안정추구형,2345000
남,50대,3000만원미만,기타,기혼,안정추구형,3282000
남,40대,3000만원미만,서비스업,미혼,안정형,2255000
여,20대,10000만원미만,사무종사자,미혼,공격투자형,16865000
여,50대,3000만원미만,전문직,기혼,위험중립형,1958000
여,60대,3000만원미만,사무종사자,기혼,공격투자형,2640000
남,20대,10000만원미만,전문직,기혼,안정형,12387000
남,30대,10000만원미만,전문직,미혼,안정추구형,18285000
여,50대,1000만원미만,서비스업,기혼,적극투자형,1549000
여,50대,10000만원미만,사무종사자,미혼,안정형,11964000
남,30대,3000만원미만,자영업,기혼,안정형,3483000
남,50대,10000만원미만,기타,미혼,적극투자형,16586000
남,30대,5000만원미만,기타,미혼,안정추구형,7337000
여,50대,3000만원미만,기타,기혼,위험중립형,2363000
남,40대,1000만원미만,전문직,미혼,공격투자형,602000
여,40대,1000만원미만,사무종사자,미혼,안정추구형,974000
남,30대,3000만원미만,기타,미혼,안정형,1370000
여,60대,10000만원미만,전문직,미혼,안정추구형,8588000
남,40대,3000만원미만,자영업,기혼,안정추구형,2742000
여,20대,5000만원미만,기타,기혼,적극투자형,8075000
남,20대,10000만원이상,전문직,기혼,위험중립형,59198000
남,30대,5000만원미만,사무종사자,미혼,공격투자형,8585000
여,30대,3000만원미만,기타,미혼,공격투자형,2610000
남,40대,10000만원미만,자영업,기혼,안정형,14018000
남,50대,5000만원미만,자영업,미혼,적극투자형,7404000
남,50대,1000만원미만,서비스업,기혼,안정형,586000
남,50대,5000만원미만,기타,미혼,안정형,3383000
남,20대,5000만원미만,기타,미혼,공격투자형,7416000
남,20대,3000만원미만,사무종사자,미혼,위험중립형,4393000
여,30대,1000만원미만,기타,미혼,안정형,509000
남,40대,10000만원이상,기타,미혼,안정추구형,50529000
남,20대,5000만원미만,자영업,기혼,공격투자형,9585000
남,30대,3000만원미만,서비스업,기혼,안정추구형,5334000
여,40대,1000만원미만,자영업,미혼,위험중립형,407000
여,40대,10000만원미만,자영업,기혼,공격투자형,20047000
여,30대,10000만원미만,서비스업,기혼,위험중립형,18902000
여,30대,3000만원미만,사무종사자,미혼,위험중립형,1395000
남,50대,10000만원이상,전문직,기혼,안정추구형,80479000
남,50대,3000만원미만,자영업,기혼,위험중립형,3462000
여,30대,5000만원미만,서비스업,미혼,적극투자형,4712000
여,50대,3000만원미만,전문직,미혼,안정형,2713000
남,40대,1000만원미만,서비스업,미혼,안정추구형,485000
남,50대,10000만원이상,자영업,기혼,안정추구형,51029000
남,40대,3000만원미만,서비스업,미혼,위험중립형,2634000
남,50대,5000만원미만,사무종사자,미혼,공격투자형,8678000
남,20대,3000만원미만,서비스업,미혼,적극투자형,4621000
남,30대,1000만원미만,자영업,기혼,공격투자형,549000
남,60대,5000만원미만,기타,기혼,공격투자형,8180000
여,20대,5000만원미만,서비스업,미혼,안정추구형,5349000
남,40대,3000만원미만,사무종사자,미혼,공격투자형,3971000
여,40대,3000만원미만,사무종사자,기혼,적극투자형,3439000
여,50대,10000만원미만,서비스업,미혼,안정형,7159000
남,50대,10000만원이상,사무종사자,미혼,안정추구형,43693000
여,60대,10000만원미만,전문직,기혼,공격투자형,11748000
남,30대,10000만원미만,전문직,미혼,공격투자형,18846000
남,50대,3000만원미만,서비스업,미혼,적극투자형,2328000
남,30대,10000만원미만,사무종사자,기혼,적극투자형,16124000
남,30대,3000만원미만,전문직,기혼,안정추구형,2835000
남,40대,5000만원미만,자영업,미혼,안정추구형,8562000
여,20대,3000만원미만,사무종사자,기혼,공격투자형,4113000
여,50대,3000만원미만,서비스업,미혼,위험중립형,2478000
남,60대,10000만원이상,자영업,미혼,위험중립형,19587000
남,30대,3000만원미만,자영업,기혼,위험중립형,4304000
여,20대,3000만원미만,서비스업,미혼,위험중립형,3222000
남,40대,1000만원미만,기타,기혼,안정추구형,919000
남,50대,10000만원미만,기타,기혼,적극투자형,10847000
여,50대,1000만원미만,전문직,기혼,공격투자형,1093000
여,40대,5000만원미만,기타,미혼,안정형,4122000
남,50대,5000만원미만,전문직,기혼,위험중립형,5706000
남,40대,3000만원미만,기타,미혼,공격투자형,1601000
남,50대,3000만원미만,기타,미혼,위험중립형,2499000
여,30대,10000만원미만,사무종사자,미혼,안정형,13756000
여,40대,3000만원미만,서비스업,기혼,공격투자형,2122000
여,60대,1000만원미만,사무종사자,기혼,공격투자형,1024000
남,30대,3000만원미만,서비스업,기혼,위험중립형,1747000
남,30대,5000만원미만,서비스업,기혼,안정형,4387000
여,40대,3000만원미만,사무종사자,기혼,안정추구형,2077000
남,30대,3000만원미만,기타,기혼,공격투자형,3804000
남,40대,3000만원미만,자영업,기혼,안정추구형,1963000
남,40대,3000만원미만,기타,미혼,안정형,2145000
남,40대,5000만원미만,자영업,미혼,안정추구형,7240000
여,50대,5000만원미만,자영업,기혼,안정추구형,2905000
여,50대,10000만원이상,사무종사자,기혼,위험중립형,16134000
여,60대,5000만원미만,전문직,미혼,적극투자형,6398000
남,30대,10000만원미만,기타,미혼,위험중립형,21478000
여,30대,5000만원미만,자영업,기혼,공격투자형,4910000
남,30대,3000만원미만,서비스업,기혼,위험중립형,2418000
남,40대,3000만원미만,기타,기혼,공격투자형,2545000
남,20대,3000만원미만,기타,기혼,공격투자형,2969000
여,50대,10000만원미만,기타,기혼,위험중립형,14708000
남,20대,1000만원미만,서비스업,기혼,안정형,495000
여,30대,5000만원미만,전문직,미혼,위험중립형,4717000
여,30대,3000만원미만,기타,기혼,공격투자형,3691000
남,50대,5000만원미만,사무종사자,기혼,위험중립형,5823000
여,60대,1000만원미만,자영업,미혼,공격투자형,855000
남,20대,5000만원미만,기타,기혼,공격투자형,16031000
남,50대,5000만원미만,자영업,기혼,안정형,3601000
여,60대,10000만원이상,기타,미혼,공격투자형,33714000
여,60대,10000만원미만,전문직,기혼,공격투자형,19358000
남,30대,10000만원미만,서비스업,기혼,적극투자형,13351000
여,40대,1000만원미만,서비스업,기혼,공격투자형,1640000
여,40대,5000만원미만,서비스업,기혼,안정추구형,9154000
여,30대,1000만원미만,전문직,기혼,공격투자형,856000
여,30대,5000만원미만,자영업,미혼,안정추구형,3874000
여,30대,10000만원이상,자영업,기혼,안정형,38346000
남,50대,3000만원미만,서비스업,기혼,안정형,4037000
남,40대,3000만원미만,사무종사자,기혼,안정형,2083000
여,50대,10000만원미만,기타,기혼,위험중립형,9661000
여,20대,10000만원이상,사무종사자,미혼,위험중립형,69061000
남,40대,1000만원미만,자영업,미혼,적극투자형,1417000
남,40대,10000만원미만,서비스업,기혼,안정추구형,10984000
남,60대,3000만원미만,서비스업,기혼,위험중립형,3773000
남,40대,10000만원이상,기타,기혼,위험중립형,26910000
남,50대,3000만원미만,전문직,기혼,위험중립형,2213000
남,50대,3000만원미만,전문직,기혼,안정형,2131000
남,50대,3000만원미만,사무종사자,기혼,적극투자형,3259000
남,20대,3000만원미만,자영업,기혼,공격투자형,3867000
여,30대,1000만원미만,전문직,기혼,공격투자형,1074000
남,40대,5000만원미만,기타,기혼,안정추구형,5800000
여,40대,10000만원미만,기타,미혼,안정추구형,19390000
남,40대,3000만원미만,서비스업,기혼,안정추구형,4365000
여,40대,3000만원미만,서비스업,기혼,위험중립형,3069000
여,40대,10000만원미만,전문직,미혼,공격투자형,12126000
여,50대,5000만원미만,서비스업,미혼,안정추구형,8586000
남,50대,5000만원미만,전문직,기혼,안정추구형,5843000
남,40대,10000만원미만,기타,미혼,위험중립형,15816000
여,20대,5000만원미만,전문직,기혼,안정형,4226000
남,50대,10000만원미만,전문직,미혼,위험중립형,20813000
남,40대,10000만원이상,기타,기혼,적극투자형,52586000
여,30대,10000만원미만,기타,기혼,위험중립형,15769000
남,30대,1000만원미만,사무종사자,기혼,안정형,832000
여,30대,10000만원미만,기타,미혼,안정추구형,28903000
남,20대,5000만원미만,사무종사자,미혼,안정형,6116000
여,50대,3000만원미만,서비스업,미혼,안정추구형,6352000
여,40대,10000만원이상,서비스업,미혼,안정형,26477000
여,50대,10000만원이상,자영업,기혼,안정추구형,45775000
남,40대,1000만원미만,기타,기혼,적극투자형,764000
남,40대,3000만원미만,자영업,기혼,안정형,1925000
남,60대,1000만원미만,자영업,미혼,위험중립형,799000
여,40대,5000만원미만,기타,기혼,안정형,5505000
남,40대,1000만원미만,기타,미혼,안정형,1041000
여,40대,10000만원이상,기타,미혼,적극투자형,19610000
남,50대,5000만원미만,전문직,기혼,안정형,3415000
여,20대,3000만원미만,자영업,미혼,공격투자형,2358000
남,30대,5000만원미만,기타,기혼,공격투자형,5843000
여,30대,5000만원미만,자영업,기혼,안정형,3537000
남,60대,10000만원이상,자영업,기혼,위험중립형,45801000
여,40대,5000만원미만,자영업,기혼,안정형,4409000
남,30대,5000만원미만,서비스업,기혼,안정형,4120000
여,30대,3000만원미만,전문직,기혼,적극투자형,6822000
여,30대,5000만원미만,전문직,기혼,안정추구형,9285000
남,30대,1000만원미만,자영업,미혼,안정추구형,471000
남,30대,3000만원미만,서비스업,기혼,안정형,4178000
남,60대,5000만원미만,사무종사자,미혼,적극투자형,4405000
여,20대,3000만원미만,전문직,기혼,적극투자형,2549000
남,50대,10000만원이상,사무종사자,미혼,적극투자형,56086000
남,40대,3000만원미만,기타,기혼,공격투자형,3914000
남,20대,10000만원이상,서비스업,기혼,적극투자형,39529000
남,20대,1000만원미만,자영업,기혼,위험중립형,354000
남,60대,5000만원미만,기타,기혼,적극투자형,6261000
남,40대,3000만원미만,서비스업,미혼,안정형,2090000
여,30대,1000만원미만,전문직,기혼,안정형,409000
여,20대,3000만원미만,사무종사자,기혼,적극투자형,1312000
여,20대,3000만원미만,기타,미혼,위험중립형,2071000
여,50대,10000만원미만,서비스업,미혼,안정추구형,12306000
여,20대,10000만원미만,서비스업,기혼,안정추구형,9753000
남,50대,3000만원미만,사무종사자,기혼,안정형,2631000
여,30대,1000만원미만,전문직,기혼,공격투자형,850000
남,30대,10000만원미만,사무종사자,기혼,위험중립형,11168000
남,40대,5000만원미만,사무종사자,기혼,안정형,6515000
남,50대,3000만원미만,사무종사자,미혼,위험중립형,4412000
여,50대,3000만원미만,기타,기혼,공격투자형,3794000
남,20대,5000만원미만,기타,미혼,공격투자형,4385000
남,30대,5000만원미만,자영업,미혼,안정형,6452000
남,30대,5000만원미만,자영업,미혼,적극투자형,6882000
여,30대,1000만원미만,서비스업,미혼,적극투자형,828000
남,40대,5000만원미만,서비스업,미혼,위험중립형,4591000
여,20대,10000만원이상,전문직,미혼,안정추구형,39208000
여,60대,3000만원미만,기타,미혼,위험중립형,2755000
여,60대,5000만원미만,자영업,미혼,안정형,6991000
여,30대,3000만원미만,서비스업,미혼,공격투자형,3781000
여,60대,3000만원미만,기타,미혼,안정형,830000
여,30대,5000만원미만,서비스업,미혼,공격투자형,6216000
여,30대,10000만원미만,자영업,기혼,적극투자형,13800000
남,60대,5000만원미만,전문직,기혼,공격투자형,9610000
남,30대,3000만원미만,전문직,미혼,공격투자형,1885000
남,50대,10000만원이상,기타,미혼,안정형,62681000
남,50대,10000만원이상,서비스업,기혼,적극투자형,54198000
여,50대,10000만원미만,서비스업,기혼,안정형,21690000
남,50대,3000만원미만,기타,미혼,안정추구형,3993000
여,40대,5000만원미만,자영업,미혼,적극투자형,3714000
남,40대,5000만원미만,기타,기혼,위험중립형,5692000
여,20대,10000만원이상,전문직,미혼,안정형,24953000
남,20대,10000만원미만,기타,기혼,안정형,13369000
남,40대,5000만원미만,사무종사자,기혼,안정형,6215000
여,60대,10000만원이상,서비스업,미혼,위험중립형,32596000
남,30대,1000만원미만,사무종사자,기혼,위험중립형,2019000
여,30대,3000만원미만,자영업,기혼,위험중립형,1275000
남,60대,3000만원미만,사무종사자,기혼,적극투자형,1776000
여,20대,5000만원미만,사무종사자,기혼,안정추구형,12716000
남,40대,5000만원미만,전문직,미혼,안정형,8251000
남,20대,1000만원미만,전문직,미혼,안정형,814000
여,30대,3000만원미만,전문직,기혼,위험중립형,2149000
남,60대,5000만원미만,기타,기혼,위험중립형,11388000
여,30대,5000만원미만,사무종사자,미혼,안정형,5926000
남,60대,3000만원미만,기타,미혼,공격투자형,2255000
여,50대,5000만원미만,자영업,미혼,적극투자형,5319000
남,40대,10000만원미만,전문직,기혼,적극투자형,25654000
여,20대,3000만원미만,기타,기혼,안정형,2884000
여,20대,1000만원미만,사무종사자,미혼,위험중립형,671000
여,40대,10000만원미만,기타,미혼,안정형,7394000
남,30대,10000만원이상,기타,기혼,안정형,49227000
여,40대,10000만원미만,기타,기혼,공격투자형,18729000
여,30대,3000만원미만,기타,기혼,공격투자형,3791000
여,30대,3000만원미만,자영업,미혼,위험중립형,3106000
여,20대,1000만원미만,기타,기혼,적극투자형,1394000
남,30대,5000만원미만,전문직,기혼,위험중립형,12055000
남,60대,5000만원미만,서비스업,미혼,적극투자형,5131000
여,30대,5000만원미만,서비스업,기혼,위험중립형,7978000
남,60대,10000만원미만,사무종사자,미혼,공격투자형,15608000
남,60대,10000만원미만,서비스업,기혼,적극투자형,14062000
남,50대,3000만원미만,전문직,기혼,위험중립형,1980000
남,40대,1000만원미만,기타,기혼,적극투자형,708000
여,40대,5000만원미만,기타,미혼,안정형,4023000
남,40대,1000만원미만,기타,미혼,적극투자형,492000
여,30대,5000만원미만,서비스업,기혼,공격투자형,4954000
남,30대,1000만원미만,서비스업,미혼,공격투자형,1098000
여,30대,5000만원미만,자영업,미혼,위험중립형,9006000
여,30대,10000만원이상,전문직,기혼,적극투자형,55128000
여,20대,5000만원미만,자영업,기혼,안정형,7878000
여,30대,3000만원미만,기타,기혼,적극투자형,2691000
여,60대,10000만원미만,사무종사자,미혼,안정추구형,9295000
여,50대,3000만원미만,기타,미혼,위험중립형,2798000
남,60대,3000만원미만,서비스업,기혼,적극투자형,4493000
남,20대,10000만원이상,자영업,기혼,안정추구형,41043000
남,50대,3000만원미만,사무종사자,기혼,위험중립형,3956000
남,30대,10000만원미만,서비스업,기혼,안정형,11737000
여,40대,1000만원미만,자영업,기혼,안정추구형,688000
여,60대,10000만원이상,서비스업,기혼,공격투자형,71883000
여,40대,1000만원미만,전문직,기혼,적극투자형,502000
여,60대,5000만원미만,기타,미혼,적극투자형,5302000
여,20대,1000만원미만,기타,기혼,적극투자형,1138000
남,50대,10000만원미만,자영업,기혼,안정추구형,10709000
여,30대,10000만원이상,기타,미혼,위험중립형,34343000
여,50대,10000만원이상,서비스업,미혼,공격투자형,48105000
여,30대,10000만원미만,자영업,기혼,안정추구형,10452000
여,50대,5000만원미만,전문직,기혼,안정형,3067000
남,30대,3000만원미만,자영업,기혼,안정형,4553000
남,50대,1000만원미만,전문직,기혼,안정추구형,699000
남,40대,5000만원미만,자영업,기혼,안정추구형,4220000
남,50대,3000만원미만,사무종사자,미혼,안정추구형,3355000
여,30대,5000만원미만,자영업,미혼,안정형,7751000
여,50대,1000만원미만,기타,기혼,안정형,451000
여,40대,1000만원미만,사무종사자,기혼,안정형,333000
남,30대,3000만원미만,자영업,기혼,위험중립형,2388000
여,40대,3000만원미만,서비스업,기혼,적극투자형,1442000
남,50대,10000만원이상,사무종사자,미혼,위험중립형,48844000
남,40대,3000만원미만,기타,기혼,안정형,1759000
남,40대,10000만원미만,기타,기혼,위험중립형,14131000
여,50대,5000만원미만,서비스업,기혼,적극투자형,3492000
남,30대,5000만원미만,전문직,기혼,안정형,2515000
여,30대,5000만원미만,서비스업,기혼,안정형,1834000
여,30대,10000만원이상,기타,기혼,위험중립형,48933000
여,60대,3000만원미만,전문직,미혼,안정추구형,1977000
남,20대,5000만원미만,서비스업,기혼,공격투자형,5279000
여,40대,10000만원미만,기타,미혼,적극투자형,7091000
여,40대,10000만원미만,기타,기혼,공격투자형,70896000
남,30대,10000만원이상,자영업,미혼,안정추구형,35992000
여,30대,5000만원미만,사무종사자,미혼,위험중립형,4557000
남,30대,10000만원미만,자영업,미혼,위험중립형,17356000
여,40대,10000만원미만,사무종사자,기혼,위험중립형,14299000
여,40대,3000만원미만,사무종사자,기혼,적극투자형,1710000
여,60대,10000만원미만,자영업,기혼,공격투자형,11734000
여,30대,3000만원미만,사무종사자,기혼,안정추구형,1936000
여,40대,3000만원미만,사무종사자,기혼,공격투자형,2044000
여,60대,1000만원미만,기타,미혼,공격투자형,1081000
남,30대,10000만원미만,전문직,기혼,안정추구형,22366000
여,50대,10000만원미만,서비스업,기혼,안정추구형,6961000
여,50대,1000만원미만,전문직,미혼,공격투자형,940000
여,20대,3000만원미만,사무종사자,기혼,안정추구형,1384000
여,30대,5000만원미만,사무종사자,미혼,공격투자형,5447000
여,60대,1000만원미만,자영업,기혼,안정추구형,707000
여,40대,3000만원미만,서비스업,미혼,적극투자형,1364000
여,30대,3000만원미만,기타,기혼,적극투자형,3156000
남,30대,1000만원미만,서비스업,미혼,안정추구형,575000
여,30대,5000만원미만,서비스업,미혼,안정형,7102000
남,60대,5000만원미만,자영업,미혼,적극투자형,10813000
남,20대,10000만원미만,기타,미혼,공격투자형,24057000
남,50대,3000만원미만,사무종사자,기혼,안정형,4131000
남,40대,3000만원미만,기타,미혼,위험중립형,3277000
남,60대,5000만원미만,사무종사자,미혼,적극투자형,10368000
여,50대,10000만원이상,전문직,미혼,공격투자형,28874000
남,30대,3000만원미만,사무종사자,기혼,위험중립형,2482000
여,30대,3000만원미만,사무종사자,미혼,안정추구형,2286000
여,60대,1000만원미만,전문직,미혼,적극투자형,402000
여,30대,10000만원미만,기타,기혼,공격투자형,9420000
여,50대,1000만원미만,서비스업,미혼,공격투자형,771000
여,50대,10000만원미만,자영업,기혼,공격투자형,14206000
여,60대,3000만원미만,자영업,기혼,공격투자형,4071000
남,30대,1000만원미만,자영업,미혼,위험중립형,1242000
여,30대,1000만원미만,서비스업,기혼,안정추구형,402000
여,30대,3000만원미만,자영업,미혼,적극투자형,1841000
남,30대,10000만원이상,기타,기혼,공격투자형,53786000
남,20대,3000만원미만,자영업,미혼,안정추구형,2401000
남,40대,5000만원미만,자영업,미혼,안정형,4275000
남,50대,3000만원미만,자영업,미혼,위험중립형,1101000
남,30대,10000만원이상,서비스업,기혼,안정형,29256000
남,50대,3000만원미만,서비스업,미혼,공격투자형,4320000
여,20대,3000만원미만,사무종사자,미혼,위험중립형,1653000
남,30대,10000만원미만,기타,기혼,적극투자형,20742000
여,30대,5000만원미만,사무종사자,기혼,공격투자형,7442000
남,20대,3000만원미만,자영업,미혼,안정추구형,2392000
여,50대,3000만원미만,자영업,기혼,안정추구형,1865000
여,50대,10000만원미만,자영업,미혼,위험중립형,32833000
남,30대,1000만원미만,자영업,기혼,공격투자형,741000
여,30대,5000만원미만,사무종사자,기혼,위험중립형,4227000
여,60대,1000만원미만,전문직,기혼,공격투자형,721000
남,50대,3000만원미만,서비스업,기혼,안정형,2213000
여,20대,3000만원미만,기타,미혼,위험중립형,2351000
남,30대,10000만원미만,사무종사자,기혼,안정추구형,18797000
여,20대,10000만원이상,기타,미혼,적극투자형,27208000
여,30대,10000만원미만,서비스업,기혼,위험중립형,16538000
여,50대,5000만원미만,기타,기혼,안정형,4833000
여,30대,3000만원미만,자영업,기혼,안정형,3498000
여,60대,10000만원이상,전문직,미혼,안정추구형,39219000
여,20대,10000만원미만,서비스업,미혼,적극투자형,9662000
남,60대,3000만원미만,사무종사자,미혼,안정형,1816000
여,20대,5000만원미만,전문직,기혼,안정추구형,5865000
남,40대,3000만원미만,기타,미혼,위험중립형,3201000
남,50대,1000만원미만,전문직,미혼,안정추구형,642000
남,50대,10000만원미만,서비스업,기혼,공격투자형,17869000
여,20대,10000만원미만,전문직,미혼,안정형,13053000
남,60대,3000만원미만,사무종사자,미혼,적극투자형,3456000
남,30대,3000만원미만,서비스업,기혼,적극투자형,2225000
남,40대,10000만원이상,자영업,기혼,적극투자형,33985000
여,60대,10000만원미만,사무종사자,미혼,적극투자형,7884000
여,40대,1000만원미만,서비스업,미혼,안정추구형,789000
여,30대,10000만원미만,전문직,미혼,안정형,12548000
남,30대,3000만원미만,기타,미혼,안정추구형,2431000
남,60대,10000만원이상,서비스업,미혼,위험중립형,15464000
남,30대,3000만원미만,전문직,기혼,적극투자형,2447000
여,40대,5000만원미만,자영업,미혼,공격투자형,10907000
여,30대,1000만원미만,서비스업,기혼,위험중립형,753000
남,30대,3000만원미만,자영업,기혼,공격투자형,3600000
여,20대,10000만원미만,기타,기혼,적극투자형,14711000
여,60대,5000만원미만,사무종사자,미혼,안정형,4686000
여,30대,10000만원미만,사무종사자,미혼,위험중립형,19671000
여,30대,10000만원미만,자영업,미혼,안정추구형,8928000
여,20대,5000만원미만,서비스업,기혼,공격투자형,2869000
여,20대,1000만원미만,서비스업,기혼,안정추구형,1275000
남,50대,5000만원미만,기타,미혼,안정형,4616000
여,40대,10000만원미만,서비스업,미혼,안정형,18014000
남,20대,5000만원미만,전문직,미혼,안정추구형,4928000
여,40대,3000만원미만,서비스업,기혼,안정추구형,2444000
여,50대,1000만원미만,사무종사자,기혼,적극투자형,864000
남,30대,1000만원미만,사무종사자,미혼,적극투자형,572000
남,50대,1000만원미만,사무종사자,미혼,안정추구형,629000
여,30대,1000만원미만,서비스업,기혼,적극투자형,681000
남,30대,10000만원이상,기타,미혼,안정형,76225000
남,60대,1000만원미만,사무종사자,미혼,위험중립형,463000
여,60대,3000만원미만,기타,기혼,안정형,2160000
남,60대,10000만원미만,전문직,기혼,안정추구형,18586000
남,30대,3000만원미만,사무종사자,기혼,안정형,2588000
남,50대,3000만원미만,자영업,미혼,위험중립형,3769000
여,50대,5000만원미만,자영업,미혼,공격투자형,8395000
여,60대,1000만원미만,서비스업,미혼,적극투자형,1195000
남,50대,3000만원미만,기타,기혼,공격투자형,2152000
남,60대,10000만원미만,서비스업,기혼,공격투자형,11855000
여,60대,5000만원미만,사무종사자,기혼,적극투자형,6046000
여,30대,10000만원미만,자영업,기혼,안정형,10537000
여,30대,5000만원미만,서비스업,기혼,안정추구형,6709000
남,30대,10000만원미만,기타,미혼,안정형,17058000
남,50대,10000만원미만,자영업,기혼,안정추구형,16265000
여,50대,10000만원미만,서비스업,기혼,안정형,12917000
남,40대,1000만원미만,사무종사자,미혼,안정추구형,784000
남,30대,10000만원미만,자영업,기혼,안정추구형,9326000
남,30대,5000만원미만,자영업,기혼,적극투자형,6002000
남,40대,3000만원미만,기타,기혼,공격투자형,3498000
남,50대,3000만원미만,사무종사자,미혼,안정추구형,3630000
남,60대,10000만원미만,자영업,기혼,공격투자형,14846000
남,20대,10000만원미만,자영업,기혼,적극투자형,14665000
여,40대,5000만원미만,사무종사자,기혼,적극투자형,8458000
여,40대,10000만원미만,전문직,기혼,공격투자형,13104000
여,50대,10000만원미만,전문직,기혼,안정추구형,14689000
남,40대,1000만원미만,사무종사자,기혼,위험중립형,945000
여,50대,5000만원미만,자영업,기혼,안정형,5410000
여,50대,3000만원미만,기타,미혼,공격투자형,1558000
남,20대,3000만원미만,전문직,미혼,위험중립형,2721000
남,50대,10000만원미만,사무종사자,미혼,위험중립형,10604000
여,20대,10000만원이상,자영업,미혼,적극투자형,23554000
여,60대,10000만원이상,사무종사자,미혼,위험중립형,42235000
남,30대,1000만원미만,서비스업,기혼,적극투자형,1794000
남,30대,3000만원미만,사무종사자,기혼,안정추구형,3057000
남,30대,5000만원미만,자영업,기혼,위험중립형,7093000
남,30대,3000만원미만,기타,기혼,공격투자형,3289000
남,20대,10000만원미만,사무종사자,기혼,적극투자형,15005000
남,40대,3000만원미만,자영업,미혼,위험중립형,3622000
남,40대,3000만원미만,자영업,미혼,안정추구형,1641000
남,30대,3000만원미만,기타,기혼,위험중립형,3207000
남,60대,3000만원미만,기타,기혼,적극투자형,2586000
남,20대,3000만원미만,자영업,기혼,위험중립형,3091000
여,40대,3000만원미만,서비스업,기혼,공격투자형,1852000
여,30대,1000만원미만,사무종사자,기혼,위험중립형,1128000
여,30대,10000만원미만,전문직,기혼,위험중립형,10194000
남,40대,3000만원미만,기타,기혼,적극투자형,2958000
여,40대,5000만원미만,사무종사자,기혼,공격투자형,11452000
여,30대,3000만원미만,서비스업,기혼,안정형,1935000
남,40대,10000만원이상,사무종사자,미혼,공격투자형,32471000
남,50대,10000만원미만,사무종사자,기혼,위험중립형,9311000
여,50대,1000만원미만,기타,미혼,위험중립형,676000
여,20대,10000만원미만,서비스업,미혼,위험중립형,7255000
여,60대,10000만원이상,전문직,미혼,위험중립형,37443000
남,20대,5000만원미만,서비스업,기혼,위험중립형,6077000
여,40대,3000만원미만,서비스업,기혼,안정형,1600000
여,40대,10000만원이상,전문직,미혼,안정추구형,43901000
여,50대,3000만원미만,사무종사자,미혼,공격투자형,8168000
남,50대,10000만원이상,사무종사자,미혼,안정추구형,27726000
남,40대,10000만원미만,기타,기혼,안정형,14055000
남,60대,3000만원미만,사무종사자,미혼,안정형,3102000
남,30대,5000만원미만,기타,미혼,위험중립형,4485000
남,40대,3000만원미만,전문직,기혼,공격투자형,4480000
남,30대,5000만원미만,기타,기혼,공격투자형,12510000
여,30대,1000만원미만,전문직,기혼,안정형,452000
여,50대,10000만원미만,사무종사자,기혼,안정형,18155000
여,60대,3000만원미만,전문직,기혼,위험중립형,2469000
남,20대,1000만원미만,전문직,미혼,공격투자형,1221000
남,60대,1000만원미만,서비스업,기혼,위험중립형,711000
남,40대,1000만원미만,사무종사자,기혼,공격투자형,991000
여,60대,1000만원미만,기타,기혼,위험중립형,617000
여,30대,10000만원미만,전문직,기혼,위험중립형,15061000
여,40대,1000만원미만,사무종사자,기혼,공격투자형,756000
남,60대,10000만원미만,기타,기혼,안정형,20615000
여,40대,10000만원미만,자영업,미혼,공격투자형,17575000
남,20대,10000만원미만,서비스업,미혼,적극투자형,10202000
여,60대,3000만원미만,자영업,기혼,적극투자형,2821000
여,30대,5000만원미만,서비스업,기혼,안정형,3723000
여,60대,3000만원미만,서비스업,기혼,위험중립형,2710000
여,40대,5000만원미만,전문직,기혼,공격투자형,7761000
여,40대,10000만원이상,전문직,기혼,안정형,25371000
남,30대,3000만원미만,전문직,미혼,안정형,3732000
여,40대,5000만원미만,전문직,기혼,적극투자형,6966000
여,40대,1000만원미만,전문직,미혼,위험중립형,943000
여,30대,10000만원미만,자영업,미혼,공격투자형,27895000
여,20대,3000만원미만,서비스업,기혼,적극투자형,958000
여,30대,3000만원미만,자영업,기혼,안정형,2107000
여,40대,10000만원미만,사무종사자,기혼,적극투자형,15189000
여,40대,10000만원미만,서비스업,미혼,적극투자형,20067000
여,60대,3000만원미만,자영업,기혼,위험중립형,2339000
남,60대,5000만원미만,전문직,기혼,적극투자형,9268000
여,30대,5000만원미만,사무종사자,기혼,위험중립형,4968000
여,20대,1000만원미만,기타,기혼,안정추구형,758000
여,30대,3000만원미만,자영업,기혼,공격투자형,2037000
남,50대,3000만원미만,사무종사자,미혼,위험중립형,1685000
남,40대,5000만원미만,서비스업,기혼,위험중립형,5477000
여,40대,10000만원이상,서비스업,미혼,위험중립형,37647000
여,60대,10000만원미만,사무종사자,기혼,공격투자형,16833000
여,40대,3000만원미만,자영업,기혼,공격투자형,1463000
여,20대,3000만원미만,서비스업,미혼,안정추구형,4891000
여,30대,5000만원미만,서비스업,미혼,적극투자형,8685000
여,40대,5000만원미만,서비스업,미혼,적극투자형,4654000
여,30대,1000만원미만,전문직,기혼,안정추구형,276000
여,30대,10000만원미만,전문직,미혼,적극투자형,14912000
남,60대,3000만원미만,기타,기혼,적극투자형,2360000
남,60대,10000만원이상,자영업,기혼,안정추구형,38620000
남,50대,5000만원미만,기타,미혼,적극투자형,3547000
여,50대,3000만원미만,서비스업,미혼,공격투자형,2361000
여,30대,10000만원미만,자영업,기혼,적극투자형,15213000
남,50대,3000만원미만,자영업,미혼,위험중립형,4156000
남,50대,1000만원미만,서비스업,기혼,안정추구형,574000
남,20대,10000만원미만,서비스업,기혼,안정형,18746000
여,30대,1000만원미만,사무종사자,기혼,적극투자형,690000
남,40대,10000만원미만,전문직,기혼,안정추구형,9727000
남,60대,3000만원미만,사무종사자,기혼,적극투자형,3681000
남,30대,3000만원미만,자영업,미혼,적극투자형,2589000
남,20대,3000만원미만,기타,미혼,안정추구형,1920000
남,60대,10000만원이상,전문직,미혼,위험중립형,43294000
여,50대,1000만원미만,사무종사자,기혼,적극투자형,598000
여,20대,3000만원미만,기타,기혼,안정추구형,2492000
남,40대,10000만원이상,사무종사자,기혼,공격투자형,117654000
여,40대,3000만원미만,기타,기혼,공격투자형,2107000
남,30대,10000만원이상,자영업,미혼,안정추구형,41225000
여,60대,10000만원미만,전문직,미혼,적극투자형,14713000
남,30대,1000만원미만,기타,미혼,안정형,478000
여,20대,5000만원미만,사무종사자,기혼,적극투자형,5869000
여,40대,3000만원미만,서비스업,기혼,공격투자형,2468000
남,30대,3000만원미만,전문직,기혼,안정형,3557000
남,60대,10000만원미만,자영업,미혼,공격투자형,13041000
여,60대,5000만원미만,서비스업,미혼,공격투자형,8511000
남,30대,3000만원미만,자영업,기혼,안정추구형,2282000
남,20대,10000만원미만,기타,미혼,공격투자형,20126000
여,30대,10000만원미만,자영업,기혼,공격투자형,33173000
여,50대,10000만원미만,서비스업,기혼,안정추구형,12225000
여,60대,3000만원미만,전문직,기혼,안정형,3455000
남,20대,5000만원미만,사무종사자,미혼,위험중립형,15963000
여,30대,5000만원미만,기타,기혼,위험중립형,6005000
여,60대,10000만원미만,사무종사자,미혼,안정추구형,6446000
남,30대,5000만원미만,자영업,기혼,적극투자형,5313000
여,60대,1000만원미만,자영업,기혼,공격투자형,733000
남,50대,3000만원미만,서비스업,기혼,적극투자형,1781000
여,30대,5000만원미만,자영업,미혼,공격투자형,3604000
남,20대,10000만원이상,서비스업,기혼,위험중립형,32968000
남,60대,10000만원미만,서비스업,미혼,적극투자형,10831000
남,50대,5000만원미만,사무종사자,미혼,공격투자형,5115000
여,60대,10000만원미만,전문직,기혼,공격투자형,17258000
남,20대,5000만원미만,사무종사자,기혼,위험중립형,9578000
남,30대,5000만원미만,사무종사자,기혼,안정추구형,2559000
여,40대,1000만원미만,자영업,기혼,위험중립형,840000
남,30대,5000만원미만,전문직,기혼,안정형,7030000
남,50대,3000만원미만,기타,기혼,공격투자형,4124000
여,50대,3000만원미만,전문직,미혼,안정형,2875000
남,50대,5000만원미만,사무종사자,기혼,적극투자형,4122000
여,20대,3000만원미만,기타,미혼,위험중립형,2013000
여,60대,10000만원미만,전문직,기혼,적극투자형,22138000
남,40대,5000만원미만,사무종사자,기혼,안정형,6126000
남,50대,5000만원미만,전문직,미혼,안정추구형,7232000
여,40대,1000만원미만,전문직,기혼,적극투자형,707000
남,40대,5000만원미만,자영업,미혼,안정형,4121000
남,30대,10000만원미만,사무종사자,기혼,공격투자형,23540000
남,40대,3000만원미만,서비스업,기혼,공격투자형,2973000
남,30대,10000만원미만,사무종사자,기혼,안정추구형,17020000
여,30대,1000만원미만,자영업,기혼,안정형,1096000
남,40대,10000만원미만,사무종사자,기혼,안정추구형,13970000
여,30대,3000만원미만,전문직,기혼,안정형,1454000
남,60대,5000만원미만,사무종사자,기혼,위험중립형,5563000
여,20대,3000만원미만,서비스업,기혼,위험중립형,1913000
여,30대,5000만원미만,서비스업,미혼,안정형,5351000
여,30대,1000만원미만,전문직,미혼,위험중립형,548000
남,30대,5000만원미만,전문직,미혼,위험중립형,4987000
남,60대,5000만원미만,자영업,미혼,공격투자형,7764000
여,30대,3000만원미만,전문직,기혼,위험중립형,3119000
여,30대,3000만원미만,기타,기혼,적극투자형,1715000
남,30대,3000만원미만,자영업,기혼,위험중립형,3213000
남,50대,10000만원미만,서비스업,기혼,적극투자형,21719000
남,30대,10000만원미만,전문직,기혼,위험중립형,17083000
여,40대,3000만원미만,자영업,기혼,안정추구형,1975000
남,50대,10000만원이상,자영업,기혼,안정추구형,74276000
남,60대,3000만원미만,사무종사자,기혼,적극투자형,3054000
여,20대,1000만원미만,기타,기혼,위험중립형,831000
남,30대,1000만원미만,전문직,미혼,적극투자형,993000
여,30대,3000만원미만,사무종사자,기혼,위험중립형,2325000
여,50대,1000만원미만,자영업,기혼,안정추구형,494000
여,40대,10000만원이상,서비스업,기혼,공격투자형,37684000
남,50대,3000만원미만,자영업,기혼,공격투자형,1545000
여,20대,3000만원미만,전문직,기혼,위험중립형,2028000
남,30대,5000만원미만,전문직,기혼,안정형,4956000
여,40대,3000만원미만,서비스업,미혼,안정추구형,1708000
남,40대,3000만원미만,사무종사자,기혼,위험중립형,2833000
남,50대,1000만원미만,자영업,미혼,안정추구형,793000
여,40대,5000만원미만,사무종사자,미혼,적극투자형,11655000
여,30대,3000만원미만,전문직,기혼,안정추구형,1824000
남,20대,10000만원이상,서비스업,기혼,위험중립형,32018000
남,30대,10000만원미만,기타,미혼,안정형,13964000
여,20대,5000만원미만,전문직,미혼,위험중립형,6891000
남,60대,10000만원미만,기타,미혼,안정형,16240000
남,60대,5000만원미만,자영업,기혼,위험중립형,7558000
남,40대,3000만원미만,서비스업,기혼,적극투자형,2538000
여,60대,5000만원미만,자영업,기혼,안정추구형,3744000
남,40대,10000만원이상,자영업,기혼,안정형,96592000
남,40대,3000만원미만,자영업,미혼,위험중립형,2078000
여,50대,3000만원미만,기타,기혼,적극투자형,3000000
여,30대,1000만원미만,서비스업,미혼,안정추구형,1212000
남,60대,5000만원미만,기타,기혼,안정형,6840000
남,40대,10000만원이상,서비스업,기혼,안정추구형,56948000
남,50대,5000만원미만,서비스업,기혼,안정추구형,3894000
남,50대,10000만원미만,사무종사자,기혼,안정형,9123000
여,50대,10000만원이상,서비스업,미혼,위험중립형,29599000
남,40대,3000만원미만,서비스업,미혼,적극투자형,5359000
여,30대,10000만원이상,기타,미혼,공격투자형,44394000
여,30대,10000만원미만,전문직,미혼,위험중립형,17801000
남,40대,3000만원미만,기타,기혼,안정형,2944000
여,40대,3000만원미만,서비스업,미혼,안정추구형,3624000
남,30대,10000만원이상,자영업,미혼,공격투자형,30394000
여,40대,10000만원이상,기타,미혼,적극투자형,32938000
남,40대,10000만원미만,기타,기혼,적극투자형,36663000
남,30대,10000만원미만,전문직,기혼,적극투자형,16428000
여,30대,10000만원미만,자영업,기혼,안정형,13913000
남,60대,1000만원미만,전문직,기혼,위험중립형,725000
여,40대,3000만원미만,전문직,기혼,공격투자형,2057000
남,20대,3000만원미만,사무종사자,미혼,위험중립형,3551000
남,40대,10000만원이상,서비스업,미혼,위험중립형,24108000
남,40대,3000만원미만,서비스업,기혼,안정형,2414000
여,40대,10000만원미만,자영업,기혼,적극투자형,6525000
남,30대,5000만원미만,서비스업,미혼,공격투자형,8580000
여,60대,1000만원미만,서비스업,기혼,공격투자형,1127000
여,30대,10000만원미만,전문직,기혼,위험중립형,14889000
남,60대,5000만원미만,사무종사자,기혼,안정추구형,7533000
남,30대,5000만원미만,서비스업,미혼,공격투자형,11698000
여,20대,3000만원미만,자영업,기혼,공격투자형,3471000
여,20대,3000만원미만,전문직,기혼,안정형,2555000
여,60대,10000만원미만,자영업,기혼,안정형,13814000
여,30대,5000만원미만,사무종사자,기혼,위험중립형,4980000
여,40대,3000만원미만,자영업,미혼,적극투자형,2687000
남,40대,3000만원미만,전문직,미혼,위험중립형,1761000
여,50대,10000만원이상,자영업,기혼,안정형,30225000
남,30대,5000만원미만,전문직,기혼,안정형,2685000
남,40대,5000만원미만,자영업,미혼,안정추구형,7228000
여,60대,10000만원이상,사무종사자,기혼,공격투자형,41497000
여,50대,10000만원이상,사무종사자,기혼,안정추구형,26612000
남,30대,1000만원미만,사무종사자,기혼,적극투자형,1001000
여,50대,3000만원미만,서비스업,미혼,적극투자형,3901000
여,50대,10000만원미만,기타,미혼,공격투자형,10910000
여,30대,5000만원미만,서비스업,미혼,적극투자형,4884000
남,40대,5000만원미만,서비스업,기혼,안정형,4934000
남,50대,3000만원미만,전문직,기혼,적극투자형,1778000
남,30대,5000만원미만,전문직,기혼,공격투자형,8472000
여,30대,10000만원미만,자영업,기혼,위험중립형,8576000
남,50대,5000만원미만,기타,미혼,적극투자형,4717000
여,50대,10000만원미만,자영업,기혼,적극투자형,18704000
남,40대,5000만원미만,전문직,미혼,안정형,15115000
여,30대,10000만원미만,기타,미혼,위험중립형,12904000
여,50대,5000만원미만,자영업,기혼,안정추구형,3934000
남,30대,10000만원미만,자영업,미혼,공격투자형,22637000
여,20대,5000만원미만,자영업,기혼,안정추구형,4893000
여,40대,5000만원미만,서비스업,미혼,안정추구형,5144000
여,20대,3000만원미만,사무종사자,기혼,안정형,1787000
남,40대,5000만원미만,자영업,미혼,위험중립형,9198000
남,40대,1000만원미만,전문직,기혼,적극투자형,660000
여,40대,3000만원미만,전문직,기혼,공격투자형,1998000
남,30대,3000만원미만,서비스업,미혼,위험중립형,2414000
여,40대,10000만원미만,전문직,기혼,공격투자형,9309000
여,50대,10000만원미만,기타,기혼,공격투자형,17835000
여,30대,10000만원이상,자영업,기혼,위험중립형,40809000
여,40대,5000만원미만,전문직,미혼,공격투자형,5814000
남,60대,10000만원미만,전문직,미혼,공격투자형,19853000
남,40대,3000만원미만,기타,미혼,위험중립형,2226000
여,30대,3000만원미만,사무종사자,미혼,안정추구형,757000
남,40대,10000만원미만,자영업,기혼,적극투자형,23366000
여,30대,1000만원미만,자영업,기혼,안정추구형,769000
여,20대,10000만원이상,사무종사자,기혼,공격투자형,61473000
남,30대,3000만원미만,기타,미혼,안정형,2888000
여,20대,10000만원미만,자영업,미혼,안정추구형,12281000
남,20대,3000만원미만,사무종사자,미혼,공격투자형,3276000
여,30대,10000만원미만,사무종사자,미혼,공격투자형,10955000
남,30대,5000만원미만,사무종사자,기혼,적극투자형,7895000
여,50대,10000만원미만,사무종사자,기혼,안정추구형,13561000
남,20대,5000만원미만,사무종사자,미혼,공격투자형,7048000
남,30대,3000만원미만,기타,기혼,위험중립형,2891000
남,20대,3000만원미만,전문직,미혼,적극투자형,5694000
여,30대,3000만원미만,전문직,미혼,위험중립형,1128000
남,50대,5000만원미만,사무종사자,미혼,공격투자형,5360000
여,40대,10000만원이상,전문직,기혼,안정추구형,19167000
여,40대,3000만원미만,사무종사자,미혼,적극투자형,2114000
남,50대,5000만원미만,서비스업,미혼,안정추구형,8537000
여,20대,1000만원미만,자영업,기혼,적극투자형,1448000
여,30대,3000만원미만,사무종사자,기혼,안정추구형,4095000
여,40대,1000만원미만,자영업,기혼,적극투자형,460000
남,30대,5000만원미만,사무종사자,기혼,안정추구형,2553000
여,30대,10000만원미만,서비스업,기혼,공격투자형,11246000
여,60대,10000만원미만,사무종사자,기혼,공격투자형,15421000
여,30대,10000만원미만,기타,미혼,적극투자형,12819000
남,60대,5000만원미만,전문직,기혼,공격투자형,4398000
남,50대,10000만원미만,자영업,기혼,위험중립형,13135000
남,30대,5000만원미만,전문직,기혼,안정추구형,6583000
남,20대,10000만원미만,자영업,기혼,적극투자형,10982000
여,30대,3000만원미만,기타,기혼,위험중립형,1634000
남,40대,3000만원미만,전문직,미혼,적극투자형,2427000
여,60대,5000만원미만,자영업,기혼,안정형,5214000
남,40대,3000만원미만,서비스업,미혼,안정형,1716000
남,50대,3000만원미만,서비스업,기혼,안정형,1536000
남,40대,5000만원미만,사무종사자,기혼,안정형,2918000
여,50대,10000만원미만,기타,미혼,안정추구형,23276000
여,20대,10000만원미만,전문직,미혼,안정추구형,27533000
남,40대,3000만원미만,사무종사자,미혼,안정추구형,1839000
남,30대,3000만원미만,전문직,기혼,위험중립형,2664000
남,50대,1000만원미만,자영업,기혼,안정추구형,765000
남,20대,3000만원미만,기타,기혼,적극투자형,2459000
여,20대,3000만원미만,전문직,기혼,안정추구형,1645000
여,60대,3000만원미만,기타,기혼,적극투자형,2411000
남,30대,10000만원미만,자영업,미혼,공격투자형,22957000
여,40대,1000만원미만,자영업,기혼,적극투자형,869000
여,60대,1000만원미만,서비스업,기혼,위험중립형,420000
여,40대,5000만원미만,전문직,기혼,위험중립형,4724000
여,40대,5000만원미만,사무종사자,미혼,공격투자형,7154000
남,40대,3000만원미만,기타,미혼,위험중립형,1669000
여,60대,5000만원미만,자영업,미혼,안정추구형,7239000
여,20대,1000만원미만,사무종사자,기혼,적극투자형,705000
여,60대,5000만원미만,자영업,기혼,안정형,5400000
여,50대,10000만원이상,자영업,기혼,안정추구형,22068000
남,60대,10000만원이상,사무종사자,기혼,위험중립형,41783000
남,50대,10000만원미만,사무종사자,미혼,안정추구형,12182000
남,40대,5000만원미만,서비스업,미혼,공격투자형,5379000
남,50대,10000만원미만,서비스업,미혼,공격투자형,18545000
남,50대,3000만원미만,전문직,기혼,공격투자형,5324000
남,20대,10000만원이상,기타,기혼,적극투자형,43023000
여,30대,5000만원미만,서비스업,기혼,위험중립형,3320000
여,50대,5000만원미만,전문직,미혼,안정추구형,4181000
여,50대,10000만원이상,자영업,기혼,공격투자형,61231000
여,40대,5000만원미만,기타,기혼,안정추구형,6657000
여,60대,5000만원미만,자영업,기혼,위험중립형,7208000
여,20대,3000만원미만,사무종사자,기혼,적극투자형,2706000
여,60대,1000만원미만,자영업,미혼,공격투자형,626000
여,50대,3000만원미만,사무종사자,미혼,안정형,2285000
여,60대,5000만원미만,서비스업,미혼,위험중립형,9271000
남,60대,1000만원미만,서비스업,기혼,적극투자형,1001000
여,20대,3000만원미만,기타,기혼,위험중립형,2572000
남,40대,10000만원미만,서비스업,기혼,적극투자형,12733000
남,30대,3000만원미만,사무종사자,미혼,안정형,1439000
여,40대,5000만원미만,자영업,기혼,적극투자형,3479000
남,40대,10000만원이상,사무종사자,미혼,안정추구형,41950000
여,30대,10000만원미만,자영업,기혼,안정추구형,6252000
남,60대,5000만원미만,서비스업,기혼,안정추구형,6673000
남,20대,5000만원미만,자영업,기혼,적극투자형,6325000
여,40대,3000만원미만,자영업,기혼,공격투자형,3547000
여,30대,3000만원미만,기타,기혼,안정형,1647000
남,50대,1000만원미만,기타,미혼,안정추구형,999000
여,30대,5000만원미만,전문직,미혼,안정추구형,5145000
남,30대,1000만원미만,자영업,미혼,안정추구형,440000
여,40대,5000만원미만,서비스업,미혼,공격투자형,9335000
여,40대,1000만원미만,사무종사자,미혼,안정추구형,564000
여,40대,10000만원미만,기타,기혼,위험중립형,14150000
남,40대,3000만원미만,전문직,기혼,안정형,1190000
여,30대,3000만원미만,자영업,미혼,적극투자형,1992000
여,60대,10000만원미만,기타,기혼,위험중립형,16568000
남,30대,3000만원미만,기타,기혼,위험중립형,2912000
여,40대,1000만원미만,사무종사자,기혼,위험중립형,847000
여,30대,3000만원미만,전문직,기혼,위험중립형,1603000
남,50대,3000만원미만,서비스업,기혼,적극투자형,2301000
남,50대,10000만원이상,자영업,기혼,공격투자형,38588000
남,30대,3000만원미만,서비스업,기혼,공격투자형,2315000
여,40대,3000만원미만,전문직,미혼,위험중립형,2994000
여,50대,5000만원미만,기타,기혼,위험중립형,4151000
남,20대,5000만원미만,사무종사자,미혼,안정형,6238000
남,30대,1000만원미만,자영업,기혼,적극투자형,880000
남,20대,5000만원미만,전문직,기혼,안정형,6515000
여,40대,10000만원미만,전문직,기혼,안정추구형,15998000
남,40대,10000만원이상,서비스업,미혼,안정추구형,21274000
여,60대,3000만원미만,전문직,기혼,적극투자형,4216000
여,60대,3000만원미만,전문직,기혼,공격투자형,2635000
여,60대,3000만원미만,자영업,기혼,위험중립형,1814000
남,20대,10000만원미만,기타,미혼,공격투자형,18170000
남,40대,5000만원미만,사무종사자,미혼,위험중립형,4468000
남,40대,10000만원미만,서비스업,미혼,위험중립형,23968000
남,50대,10000만원미만,서비스업,미혼,공격투자형,19296000
여,60대,10000만원이상,기타,기혼,안정추구형,27772000
남,60대,10000만원미만,사무종사자,기혼,공격투자형,7287000
여,50대,3000만원미만,사무종사자,기혼,적극투자형,2472000
남,50대,1000만원미만,전문직,미혼,적극투자형,1503000
남,40대,1000만원미만,사무종사자,미혼,안정추구형,1545000
남,30대,1000만원미만,서비스업,기혼,적극투자형,829000
여,60대,10000만원이상,기타,미혼,안정형,26252000
남,20대,10000만원미만,전문직,기혼,안정형,16000000
남,40대,1000만원미만,서비스업,기혼,안정추구형,622000
여,60대,10000만원미만,전문직,미혼,안정형,7952000
남,20대,3000만원미만,전문직,기혼,위험중립형,1614000
남,40대,5000만원미만,전문직,기혼,적극투자형,9030000
남,60대,5000만원미만,자영업,기혼,안정형,5574000
여,30대,10000만원미만,전문직,기혼,안정추구형,15319000
남,30대,5000만원미만,전문직,기혼,적극투자형,7658000
남,20대,3000만원미만,사무종사자,미혼,공격투자형,1890000
여,20대,5000만원미만,자영업,기혼,안정추구형,5438000
남,60대,1000만원미만,기타,미혼,안정형,551000
남,40대,5000만원미만,전문직,기혼,안정형,8949000
남,30대,5000만원미만,전문직,기혼,안정추구형,3826000
여,20대,3000만원미만,기타,기혼,위험중립형,1911000
여,50대,3000만원미만,사무종사자,미혼,안정추구형,3440000
여,50대,10000만원미만,사무종사자,미혼,공격투자형,14068000
남,60대,10000만원미만,자영업,기혼,위험중립형,28956000
여,30대,1000만원미만,전문직,기혼,적극투자형,564000
남,30대,3000만원미만,자영업,기혼,안정형,4763000
남,20대,10000만원미만,서비스업,미혼,안정추구형,16592000
여,20대,10000만원미만,자영업,기혼,안정형,9173000
남,30대,10000만원미만,기타,미혼,공격투자형,16174000
여,20대,3000만원미만,기타,기혼,적극투자형,1754000
여,60대,10000만원이상,서비스업,기혼,적극투자형,41292000
남,40대,10000만원이상,전문직,기혼,위험중립형,31523000
여,50대,1000만원미만,사무종사자,미혼,공격투자형,686000
여,40대,10000만원미만,서비스업,미혼,안정추구형,21986000
남,20대,3000만원미만,기타,미혼,공격투자형,1779000
남,40대,3000만원미만,사무종사자,미혼,적극투자형,3986000
남,40대,10000만원미만,자영업,기혼,안정형,15517000
여,50대,5000만원미만,서비스업,기혼,적극투자형,4686000
여,50대,5000만원미만,기타,기혼,위험중립형,2723000
남,50대,10000만원미만,기타,기혼,공격투자형,15422000
여,30대,10000만원미만,서비스업,기혼,안정추구형,12171000
남,30대,10000만원미만,서비스업,기혼,위험중립형,9771000
남,40대,10000만원미만,자영업,기혼,위험중립형,28312000
남,40대,1000만원미만,서비스업,기혼,안정형,836000
여,60대,1000만원미만,서비스업,미혼,안정추구형,673000
여,20대,3000만원미만,전문직,기혼,공격투자형,2081000
여,50대,3000만원미만,자영업,기혼,안정형,1402000
남,40대,1000만원미만,사무종사자,기혼,위험중립형,758000
남,50대,10000만원미만,기타,기혼,안정형,18342000
여,30대,5000만원미만,자영업,미혼,공격투자형,8995000
남,40대,10000만원이상,전문직,미혼,위험중립형,69833000
여,40대,10000만원이상,전문직,미혼,안정형,11583000
여,60대,10000만원미만,기타,기혼,안정추구형,15676000
여,30대,10000만원미만,자영업,미혼,안정추구형,15847000
여,60대,3000만원미만,전문직,기혼,안정형,2673000
여,20대,1000만원미만,사무종사자,기혼,적극투자형,932000
남,60대,5000만원미만,사무종사자,미혼,적극투자형,11055000
여,40대,10000만원이상,서비스업,기혼,적극투자형,36107000
여,40대,3000만원미만,서비스업,기혼,적극투자형,1784000
여,30대,5000만원미만,자영업,기혼,공격투자형,5002000
남,60대,3000만원미만,기타,기혼,적극투자형,3393000
남,60대,10000만원미만,자영업,미혼,공격투자형,28575000
여,30대,5000만원미만,전문직,기혼,위험중립형,10737000
여,60대,1000만원미만,기타,미혼,안정형,495000
남,30대,5000만원미만,사무종사자,기혼,적극투자형,4693000
여,60대,5000만원미만,전문직,기혼,안정추구형,4401000
남,20대,5000만원미만,서비스업,미혼,안정형,10459000
남,50대,5000만원미만,서비스업,기혼,공격투자형,4587000
여,30대,3000만원미만,전문직,미혼,위험중립형,1021000
여,30대,5000만원미만,사무종사자,기혼,적극투자형,6751000
남,50대,3000만원미만,기타,기혼,안정추구형,2054000
남,20대,3000만원미만,기타,미혼,안정추구형,3035000
남,30대,3000만원미만,사무종사자,기혼,공격투자형,3620000
여,60대,5000만원미만,전문직,기혼,공격투자형,4729000
남,50대,1000만원미만,서비스업,기혼,공격투자형,676000
남,40대,5000만원미만,전문직,기혼,안정형,4050000
여,20대,3000만원미만,자영업,미혼,위험중립형,2508000
남,30대,5000만원미만,전문직,기혼,적극투자형,4688000
여,20대,10000만원미만,서비스업,기혼,안정추구형,13611000
여,40대,1000만원미만,자영업,기혼,안정추구형,676000
여,50대,10000만원미만,서비스업,기혼,위험중립형,6770000
여,30대,1000만원미만,사무종사자,기혼,안정형,622000
여,20대,3000만원미만,서비스업,미혼,위험중립형,1678000
남,40대,3000만원미만,전문직,미혼,위험중립형,2101000
여,60대,1000만원미만,기타,기혼,위험중립형,619000
여,30대,10000만원미만,자영업,기혼,공격투자형,10180000
남,60대,1000만원미만,서비스업,미혼,안정추구형,609000
여,20대,1000만원미만,기타,기혼,공격투자형,1725000
남,60대,5000만원미만,기타,기혼,안정형,3843000
여,40대,5000만원미만,기타,미혼,안정추구형,5953000
여,40대,5000만원미만,기타,미혼,적극투자형,3740000
여,40대,10000만원이상,자영업,미혼,안정추구형,32550000
여,40대,5000만원미만,사무종사자,미혼,안정추구형,5928000
여,20대,10000만원이상,서비스업,기혼,공격투자형,60867000
여,30대,3000만원미만,서비스업,미혼,안정형,1595000
여,30대,5000만원미만,전문직,기혼,위험중립형,4595000
여,20대,5000만원미만,서비스업,미혼,안정형,5351000
여,40대,3000만원미만,서비스업,기혼,위험중립형,3542000
여,60대,3000만원미만,서비스업,기혼,안정형,2186000
여,30대,10000만원미만,자영업,미혼,안정형,22589000
여,20대,1000만원미만,사무종사자,기혼,위험중립형,384000
여,50대,3000만원미만,사무종사자,미혼,공격투자형,3349000
남,30대,5000만원미만,전문직,기혼,안정추구형,5012000
여,50대,3000만원미만,자영업,미혼,안정형,4494000
여,60대,3000만원미만,자영업,미혼,안정형,1402000
여,40대,10000만원미만,사무종사자,미혼,안정형,14932000
여,40대,10000만원미만,서비스업,기혼,안정추구형,13008000
여,60대,10000만원미만,사무종사자,기혼,안정추구형,8911000
여,40대,5000만원미만,기타,미혼,안정추구형,6371000
여,60대,3000만원미만,자영업,기혼,공격투자형,4418000
여,30대,10000만원미만,전문직,기혼,적극투자형,13563000
남,60대,10000만원미만,전문직,기혼,적극투자형,18881000
남,50대,3000만원미만,기타,미혼,적극투자형,2254000
여,40대,5000만원미만,자영업,미혼,안정추구형,7084000
여,40대,10000만원미만,자영업,기혼,안정추구형,17267000
여,50대,5000만원미만,서비스업,기혼,적극투자형,3085000
여,60대,3000만원미만,자영업,미혼,공격투자형,4833000
남,20대,5000만원미만,서비스업,미혼,안정형,3767000
남,40대,10000만원이상,전문직,미혼,적극투자형,101828000
남,60대,10000만원미만,자영업,기혼,안정형,15498000
남,30대,3000만원미만,기타,미혼,위험중립형,1825000
여,50대,10000만원미만,자영업,미혼,위험중립형,17628000
여,60대,1000만원미만,사무종사자,기혼,위험중립형,1038000
여,40대,5000만원미만,서비스업,기혼,안정형,5995000
여,60대,5000만원미만,사무종사자,기혼,위험중립형,4877000
남,30대,5000만원미만,서비스업,기혼,안정형,6402000
남,20대,5000만원미만,자영업,미혼,적극투자형,8510000
남,40대,5000만원미만,서비스업,기혼,안정형,3656000
여,40대,3000만원미만,전문직,기혼,위험중립형,2146000
여,50대,10000만원이상,서비스업,미혼,안정추구형,28776000
여,40대,1000만원미만,기타,미혼,위험중립형,691000
남,20대,3000만원미만,전문직,미혼,안정형,2108000
여,20대,5000만원미만,서비스업,미혼,안정추구형,7759000
여,30대,5000만원미만,기타,기혼,위험중립형,12957000
여,30대,1000만원미만,서비스업,미혼,적극투자형,624000
남,60대,10000만원미만,사무종사자,기혼,적극투자형,13673000
여,50대,10000만원미만,서비스업,미혼,안정추구형,6979000
여,60대,3000만원미만,사무종사자,미혼,안정형,2059000
여,50대,5000만원미만,자영업,미혼,안정추구형,4996000
남,30대,10000만원미만,서비스업,미혼,안정형,14478000
여,30대,3000만원미만,기타,기혼,공격투자형,3545000
여,40대,5000만원미만,전문직,기혼,적극투자형,4435000
남,20대,3000만원미만,전문직,기혼,안정형,3325000
여,40대,3000만원미만,사무종사자,미혼,위험중립형,2208000
남,60대,1000만원미만,자영업,기혼,적극투자형,1658000
남,60대,10000만원미만,전문직,기혼,공격투자형,18123000
여,50대,3000만원미만,사무종사자,미혼,위험중립형,1715000
여,20대,10000만원이상,서비스업,미혼,공격투자형,35229000
여,30대,10000만원이상,사무종사자,미혼,공격투자형,27486000
남,40대,3000만원미만,기타,미혼,적극투자형,2146000
남,30대,1000만원미만,기타,미혼,안정추구형,631000
남,40대,5000만원미만,사무종사자,기혼,위험중립형,10703000
남,40대,3000만원미만,전문직,기혼,안정형,2014000
남,30대,5000만원미만,사무종사자,기혼,위험중립형,7545000
여,50대,5000만원미만,서비스업,기혼,안정형,6522000
여,40대,10000만원미만,기타,미혼,안정추구형,15650000
여,60대,1000만원미만,자영업,기혼,안정추구형,512000
여,60대,1000만원미만,기타,기혼,적극투자형,1203000
남,40대,10000만원미만,전문직,미혼,안정형,12274000
여,20대,10000만원미만,자영업,미혼,적극투자형,17157000
여,40대,10000만원미만,서비스업,기혼,적극투자형,13778000
남,30대,10000만원미만,사무종사자,기혼,안정형,19935000
여,30대,3000만원미만,서비스업,미혼,위험중립형,1380000
남,40대,10000만원이상,자영업,기혼,적극투자형,21253000
여,20대,10000만원미만,자영업,미혼,적극투자형,21849000
여,20대,3000만원미만,자영업,미혼,안정추구형,1852000
남,30대,3000만원미만,서비스업,미혼,공격투자형,2924000
여,60대,10000만원이상,자영업,기혼,안정형,45771000
남,20대,3000만원미만,전문직,미혼,안정형,1220000
남,50대,10000만원미만,서비스업,기혼,안정추구형,28026000
여,40대,5000만원미만,서비스업,기혼,안정형,5287000
남,40대,5000만원미만,자영업,기혼,적극투자형,3910000
여,50대,10000만원미만,서비스업,기혼,안정추구형,10199000
남,30대,3000만원미만,전문직,기혼,안정형,1475000
남,30대,5000만원미만,전문직,미혼,위험중립형,4730000
여,60대,3000만원미만,사무종사자,기혼,공격투자형,2846000
여,30대,3000만원미만,사무종사자,기혼,안정추구형,2341000
남,20대,5000만원미만,기타,기혼,공격투자형,7601000
남,40대,1000만원미만,자영업,기혼,안정형,1001000
남,20대,10000만원이상,사무종사자,미혼,안정추구형,33098000
여,40대,1000만원미만,서비스업,기혼,안정추구형,553000
여,20대,1000만원미만,전문직,기혼,공격투자형,847000
여,20대,3000만원미만,자영업,기혼,적극투자형,4041000
남,30대,10000만원이상,자영업,미혼,안정형,38859000
남,40대,5000만원미만,사무종사자,기혼,안정형,4148000
남,50대,5000만원미만,서비스업,기혼,위험중립형,5552000
여,40대,5000만원미만,기타,기혼,위험중립형,5353000
남,40대,3000만원미만,서비스업,기혼,위험중립형,2808000
여,50대,3000만원미만,서비스업,미혼,공격투자형,1960000
남,20대,1000만원미만,서비스업,미혼,위험중립형,563000
남,20대,5000만원미만,전문직,기혼,공격투자형,8210000
여,40대,10000만원이상,서비스업,기혼,위험중립형,28006000
여,40대,10000만원이상,기타,기혼,안정추구형,38181000
남,30대,3000만원미만,서비스업,미혼,공격투자형,1883000
남,30대,10000만원미만,사무종사자,기혼,안정추구형,11474000
남,40대,3000만원미만,기타,기혼,안정형,1893000
남,40대,1000만원미만,기타,기혼,안정추구형,783000
남,30대,3000만원미만,서비스업,기혼,공격투자형,1395000
여,50대,10000만원미만,서비스업,기혼,공격투자형,21843000
남,40대,3000만원미만,서비스업,미혼,안정추구형,2663000
남,40대,5000만원미만,사무종사자,미혼,위험중립형,6912000
남,30대,5000만원미만,기타,미혼,위험중립형,8356000
여,40대,10000만원미만,서비스업,기혼,안정형,5967000
여,40대,5000만원미만,서비스업,미혼,공격투자형,9802000
남,20대,5000만원미만,사무종사자,기혼,공격투자형,4868000
여,20대,3000만원미만,서비스업,기혼,안정추구형,1691000
여,20대,3000만원미만,기타,기혼,위험중립형,3091000
남,40대,3000만원미만,서비스업,기혼,위험중립형,2424000
여,40대,3000만원미만,기타,기혼,적극투자형,2702000
남,50대,1000만원미만,서비스업,기혼,적극투자형,978000
여,20대,3000만원미만,자영업,미혼,공격투자형,3906000
여,20대,10000만원미만,사무종사자,미혼,공격투자형,23948000
여,30대,10000만원미만,기타,미혼,적극투자형,15064000
남,20대,5000만원미만,서비스업,기혼,위험중립형,4507000
여,40대,10000만원미만,기타,미혼,안정추구형,7529000
남,60대,10000만원미만,기타,기혼,공격투자형,10439000
여,50대,1000만원미만,서비스업,기혼,안정형,689000
여,50대,3000만원미만,서비스업,미혼,안정형,2080000
여,30대,3000만원미만,자영업,기혼,안정추구형,2066000
남,30대,1000만원미만,사무종사자,미혼,안정추구형,581000
여,50대,3000만원미만,자영업,미혼,안정추구형,3837000
남,30대,5000만원미만,전문직,기혼,안정형,4128000
여,50대,10000만원미만,기타,기혼,안정형,13597000
남,60대,1000만원미만,서비스업,미혼,안정형,624000
남,20대,10000만원미만,사무종사자,미혼,안정형,23926000
남,30대,1000만원미만,기타,미혼,위험중립형,858000
여,60대,10000만원미만,전문직,기혼,적극투자형,13056000
여,60대,3000만원미만,기타,미혼,공격투자형,2162000
남,20대,5000만원미만,서비스업,기혼,안정형,6006000
남,20대,10000만원미만,전문직,미혼,안정추구형,11895000
여,60대,10000만원미만,서비스업,미혼,안정추구형,14323000
여,60대,3000만원미만,서비스업,미혼,적극투자형,2740000
남,60대,3000만원미만,서비스업,미혼,위험중립형,1346000
여,50대,1000만원미만,서비스업,기혼,안정형,915000
남,20대,3000만원미만,자영업,기혼,적극투자형,2251000
남,60대,3000만원미만,전문직,기혼,위험중립형,2144000
남,50대,3000만원미만,자영업,미혼,안정형,2466000
남,40대,10000만원미만,기타,미혼,적극투자형,23395000
남,40대,5000만원미만,사무종사자,기혼,안정형,3547000
남,50대,10000만원이상,사무종사자,기혼,적극투자형,62739000
여,40대,10000만원이상,전문직,기혼,안정추구형,26262000
여,40대,5000만원미만,서비스업,기혼,공격투자형,4932000
남,60대,5000만원미만,전문직,미혼,안정형,5869000
여,50대,3000만원미만,서비스업,기혼,적극투자형,2504000
남,30대,10000만원미만,서비스업,기혼,적극투자형,23507000
여,50대,5000만원미만,자영업,기혼,위험중립형,5419000
여,40대,5000만원미만,사무종사자,기혼,공격투자형,5318000
남,20대,5000만원미만,전문직,미혼,위험중립형,4634000
여,40대,5000만원미만,사무종사자,기혼,공격투자형,5919000
여,40대,10000만원미만,서비스업,미혼,공격투자형,20703000
남,20대,1000만원미만,자영업,기혼,공격투자형,1058000
남,50대,1000만원미만,자영업,기혼,안정추구형,641000
여,30대,3000만원미만,사무종사자,기혼,위험중립형,2626000
남,40대,1000만원미만,사무종사자,기혼,안정추구형,529000
남,30대,3000만원미만,서비스업,기혼,안정추구형,2804000
남,50대,3000만원미만,사무종사자,기혼,안정추구형,1484000
여,50대,10000만원미만,기타,기혼,적극투자형,20856000
여,30대,1000만원미만,자영업,기혼,안정추구형,853000
남,30대,3000만원미만,자영업,기혼,안정추구형,2916000
여,30대,5000만원미만,전문직,기혼,공격투자형,7741000
남,50대,3000만원미만,기타,기혼,안정형,1329000
남,60대,10000만원이상,기타,기혼,공격투자형,39752000
여,30대,3000만원미만,서비스업,기혼,공격투자형,2528000
남,30대,3000만원미만,전문직,미혼,공격투자형,2609000
여,50대,1000만원미만,기타,미혼,적극투자형,572000
여,20대,10000만원미만,자영업,기혼,공격투자형,29033000
남,60대,5000만원미만,기타,미혼,위험중립형,5816000
남,60대,3000만원미만,전문직,기혼,공격투자형,4605000
여,60대,3000만원미만,기타,기혼,적극투자형,5050000
남,50대,5000만원미만,자영업,기혼,안정형,4416000
여,20대,3000만원미만,자영업,미혼,안정형,3052000
여,20대,10000만원이상,사무종사자,기혼,위험중립형,39157000
남,20대,3000만원미만,자영업,기혼,적극투자형,3407000
여,40대,5000만원미만,전문직,미혼,안정형,5018000
여,40대,5000만원미만,서비스업,기혼,위험중립형,6081000
남,40대,10000만원이상,사무종사자,미혼,안정형,27923000
여,30대,1000만원미만,사무종사자,기혼,안정형,529000
남,50대,3000만원미만,자영업,미혼,적극투자형,5518000
남,40대,10000만원미만,전문직,기혼,안정형,19884000
남,60대,1000만원미만,서비스업,미혼,공격투자형,1356000
여,20대,3000만원미만,사무종사자,미혼,안정추구형,1289000
남,20대,10000만원미만,사무종사자,기혼,위험중립형,11852000
여,20대,5000만원미만,자영업,미혼,적극투자형,5752000
남,30대,3000만원미만,기타,미혼,안정형,2537000
남,20대,10000만원미만,전문직,기혼,적극투자형,15333000
여,30대,5000만원미만,사무종사자,기혼,공격투자형,9990000
남,20대,5000만원미만,사무종사자,기혼,적극투자형,3540000
여,50대,3000만원미만,전문직,미혼,안정추구형,1764000
남,30대,5000만원미만,사무종사자,기혼,공격투자형,8312000
여,30대,3000만원미만,자영업,기혼,안정형,2330000
여,30대,10000만원미만,사무종사자,기혼,적극투자형,8904000
남,60대,1000만원미만,서비스업,기혼,위험중립형,474000
여,60대,1000만원미만,자영업,미혼,적극투자형,496000
여,30대,3000만원미만,기타,기혼,적극투자형,3565000
남,30대,5000만원미만,전문직,기혼,안정추구형,4356000
남,60대,5000만원미만,사무종사자,기혼,공격투자형,12972000
남,30대,1000만원미만,기타,기혼,적극투자형,568000
남,50대,5000만원미만,사무종사자,기혼,적극투자형,7427000
여,60대,10000만원미만,자영업,기혼,안정형,18340000
여,20대,3000만원미만,사무종사자,미혼,안정추구형,3430000
남,30대,1000만원미만,자영업,기혼,적극투자형,392000
남,20대,5000만원미만,자영업,기혼,공격투자형,4281000
여,20대,3000만원미만,전문직,미혼,적극투자형,2586000
여,40대,1000만원미만,전문직,기혼,공격투자형,733000
남,20대,10000만원미만,자영업,기혼,적극투자형,12646000
여,30대,3000만원미만,자영업,미혼,안정형,1680000
남,60대,1000만원미만,전문직,기혼,적극투자형,516000
여,50대,5000만원미만,전문직,미혼,공격투자형,11396000
여,40대,5000만원미만,사무종사자,기혼,적극투자형,7327000
여,50대,10000만원미만,사무종사자,기혼,위험중립형,13193000
남,50대,3000만원미만,서비스업,기혼,안정형,2394000
여,30대,3000만원미만,기타,기혼,위험중립형,1507000
남,30대,1000만원미만,서비스업,기혼,안정추구형,811000
남,50대,5000만원미만,기타,기혼,안정형,5197000
남,50대,10000만원미만,서비스업,기혼,안정형,10994000
여,60대,5000만원미만,서비스업,미혼,공격투자형,5304000
남,30대,10000만원이상,기타,미혼,적극투자형,48001000
여,40대,1000만원미만,전문직,미혼,위험중립형,781000
남,40대,5000만원미만,기타,기혼,공격투자형,12043000
여,50대,5000만원미만,사무종사자,기혼,안정형,7871000
여,30대,1000만원미만,자영업,기혼,적극투자형,1154000
여,40대,10000만원이상,전문직,기혼,적극투자형,56363000
여,20대,10000만원미만,전문직,미혼,안정추구형,18706000
남,20대,10000만원미만,자영업,기혼,위험중립형,13036000
남,50대,3000만원미만,서비스업,기혼,위험중립형,2712000
여,20대,3000만원미만,전문직,미혼,위험중립형,3130000
여,60대,10000만원미만,사무종사자,미혼,안정형,18700000
여,30대,1000만원미만,사무종사자,미혼,공격투자형,461000
남,40대,10000만원미만,서비스업,기혼,안정형,13430000
여,30대,3000만원미만,사무종사자,미혼,안정형,2598000
남,40대,10000만원이상,기타,미혼,공격투자형,103379000
남,20대,10000만원미만,서비스업,기혼,공격투자형,19935000
남,50대,10000만원미만,사무종사자,미혼,위험중립형,10930000
남,30대,10000만원미만,자영업,기혼,위험중립형,20729000
여,30대,10000만원미만,기타,기혼,위험중립형,21935000
여,60대,10000만원미만,자영업,미혼,적극투자형,14870000
여,30대,10000만원미만,서비스업,기혼,안정추구형,8233000
남,20대,5000만원미만,전문직,기혼,적극투자형,7143000
남,30대,5000만원미만,서비스업,미혼,안정형,3366000
남,50대,3000만원미만,자영업,기혼,위험중립형,2899000
여,60대,3000만원미만,전문직,기혼,적극투자형,2933000
남,50대,5000만원미만,자영업,미혼,안정형,4598000
여,50대,1000만원미만,사무종사자,기혼,공격투자형,593000
남,20대,10000만원이상,자영업,기혼,안정형,50519000
여,50대,10000만원미만,자영업,미혼,안정추구형,24304000
여,40대,5000만원미만,사무종사자,미혼,공격투자형,3648000
남,60대,10000만원미만,자영업,기혼,적극투자형,8250000
남,30대,3000만원미만,사무종사자,기혼,안정형,2994000
여,40대,3000만원미만,자영업,기혼,안정형,1394000
여,60대,10000만원이상,서비스업,기혼,적극투자형,26839000
여,50대,10000만원미만,사무종사자,기혼,안정형,9579000
여,40대,5000만원미만,서비스업,기혼,위험중립형,9880000
남,30대,1000만원미만,기타,기혼,공격투자형,1140000
남,40대,5000만원미만,서비스업,기혼,안정형,6684000
여,40대,10000만원이상,서비스업,기혼,공격투자형,116116000
남,30대,1000만원미만,기타,미혼,안정추구형,606000
여,40대,10000만원미만,서비스업,기혼,안정형,21636000
여,40대,10000만원미만,기타,기혼,안정추구형,24294000
남,30대,10000만원이상,사무종사자,기혼,공격투자형,82672000
남,30대,10000만원이상,기타,기혼,안정추구형,44785000
여,60대,1000만원미만,전문직,미혼,위험중립형,766000
여,50대,5000만원미만,서비스업,기혼,공격투자형,11430000
남,40대,5000만원미만,서비스업,기혼,안정형,5826000
남,40대,3000만원미만,전문직,미혼,위험중립형,2367000
남,60대,3000만원미만,자영업,기혼,공격투자형,2509000
남,20대,3000만원미만,사무종사자,미혼,안정추구형,3484000
여,30대,10000만원미만,전문직,기혼,안정형,27305000
남,20대,5000만원미만,기타,미혼,공격투자형,6199000
여,50대,3000만원미만,자영업,기혼,안정형,2329000
여,20대,5000만원미만,서비스업,미혼,안정형,3922000
남,40대,3000만원미만,사무종사자,미혼,공격투자형,1991000
여,60대,5000만원미만,전문직,미혼,적극투자형,5972000
남,40대,10000만원미만,기타,기혼,안정추구형,24135000
여,40대,10000만원이상,전문직,기혼,공격투자형,44667000
남,60대,3000만원미만,자영업,기혼,안정추구형,1568000
여,40대,1000만원미만,기타,기혼,공격투자형,725000
남,40대,5000만원미만,사무종사자,기혼,위험중립형,8157000
여,60대,10000만원미만,사무종사자,기혼,적극투자형,25626000
여,60대,3000만원미만,기타,기혼,공격투자형,3723000
여,30대,10000만원미만,서비스업,기혼,공격투자형,8269000
남,40대,10000만원이상,사무종사자,미혼,위험중립형,97655000
남,40대,5000만원미만,서비스업,기혼,위험중립형,4848000
여,40대,3000만원미만,전문직,기혼,안정추구형,1432000
남,50대,3000만원미만,사무종사자,미혼,공격투자형,4634000
여,30대,3000만원미만,서비스업,미혼,안정형,3772000
여,50대,5000만원미만,전문직,기혼,적극투자형,6208000
여,30대,1000만원미만,기타,기혼,안정추구형,434000
남,60대,10000만원이상,사무종사자,미혼,적극투자형,48164000
여,20대,1000만원미만,자영업,미혼,공격투자형,1652000
여,50대,3000만원미만,전문직,기혼,공격투자형,2953000
남,30대,10000만원이상,기타,미혼,안정추구형,38686000
여,50대,1000만원미만,기타,기혼,안정형,631000
여,20대,5000만원미만,전문직,기혼,위험중립형,4368000
여,30대,5000만원미만,전문직,미혼,위험중립형,4231000
남,20대,5000만원미만,사무종사자,미혼,적극투자형,6712000
여,20대,5000만원미만,서비스업,기혼,위험중립형,3983000
여,40대,1000만원미만,전문직,기혼,안정추구형,681000
남,50대,10000만원미만,사무종사자,기혼,적극투자형,18320000
여,30대,1000만원미만,사무종사자,미혼,공격투자형,545000
남,20대,10000만원이상,서비스업,기혼,적극투자형,37446000
남,50대,10000만원미만,사무종사자,기혼,안정추구형,14401000
남,30대,10000만원미만,기타,미혼,공격투자형,11170000
여,40대,10000만원이상,전문직,기혼,안정형,29639000
남,50대,3000만원미만,자영업,기혼,안정추구형,1898000
여,30대,3000만원미만,자영업,미혼,위험중립형,4115000
여,40대,3000만원미만,기타,기혼,안정추구형,2421000
남,40대,3000만원미만,사무종사자,미혼,적극투자형,1979000
여,50대,5000만원미만,기타,기혼,안정추구형,5831000
남,40대,5000만원미만,자영업,기혼,적극투자형,12911000
남,50대,1000만원미만,서비스업,기혼,공격투자형,992000
여,50대,5000만원미만,전문직,기혼,적극투자형,4237000
남,50대,10000만원미만,서비스업,기혼,공격투자형,13454000
남,40대,10000만원이상,전문직,미혼,공격투자형,36473000
남,60대,10000만원이상,자영업,기혼,안정형,23843000
남,40대,10000만원미만,서비스업,기혼,안정추구형,9692000
남,50대,3000만원미만,기타,기혼,적극투자형,1581000
여,20대,10000만원미만,서비스업,기혼,공격투자형,13988000
남,40대,5000만원미만,기타,기혼,위험중립형,5347000
남,40대,1000만원미만,전문직,기혼,적극투자형,600000
여,50대,3000만원미만,사무종사자,기혼,안정형,1931000
여,40대,10000만원미만,서비스업,기혼,안정형,14660000
남,60대,1000만원미만,기타,기혼,안정추구형,959000
남,20대,3000만원미만,전문직,기혼,위험중립형,2342000
여,60대,5000만원미만,사무종사자,미혼,위험중립형,5614000
남,60대,5000만원미만,사무종사자,기혼,적극투자형,7044000
남,50대,10000만원미만,전문직,미혼,공격투자형,25868000
남,30대,1000만원미만,사무종사자,미혼,공격투자형,1184000
여,50대,10000만원미만,자영업,미혼,위험중립형,13486000
여,40대,1000만원미만,사무종사자,미혼,안정추구형,714000
여,40대,10000만원이상,서비스업,기혼,공격투자형,37478000
여,50대,5000만원미만,자영업,미혼,안정형,3806000
여,60대,5000만원미만,사무종사자,미혼,위험중립형,17223000
남,30대,3000만원미만,사무종사자,미혼,적극투자형,3977000
여,60대,1000만원미만,자영업,기혼,안정형,431000
여,30대,10000만원이상,사무종사자,미혼,안정형,33371000
여,50대,10000만원미만,전문직,기혼,안정추구형,21918000
여,40대,3000만원미만,사무종사자,기혼,위험중립형,1204000
여,60대,5000만원미만,사무종사자,미혼,위험중립형,6591000
남,20대,1000만원미만,전문직,기혼,공격투자형,1198000
여,30대,3000만원미만,자영업,기혼,공격투자형,1889000
여,20대,1000만원미만,자영업,기혼,안정형,551000
남,20대,10000만원미만,전문직,미혼,적극투자형,13051000
여,50대,5000만원미만,사무종사자,기혼,안정추구형,5104000
남,30대,1000만원미만,전문직,기혼,위험중립형,1210000
남,60대,1000만원미만,기타,미혼,안정추구형,529000
여,50대,1000만원미만,서비스업,기혼,안정형,752000
여,20대,5000만원미만,서비스업,미혼,공격투자형,9711000
남,40대,3000만원미만,사무종사자,기혼,공격투자형,4456000
남,50대,1000만원미만,전문직,기혼,안정형,1017000
남,60대,5000만원미만,기타,미혼,위험중립형,7477000
여,50대,5000만원미만,기타,기혼,안정추구형,4344000
남,40대,1000만원미만,사무종사자,미혼,적극투자형,813000
여,30대,5000만원미만,자영업,미혼,적극투자형,6481000
여,40대,10000만원미만,서비스업,기혼,공격투자형,17748000
남,60대,1000만원미만,전문직,기혼,적극투자형,735000
여,30대,1000만원미만,전문직,미혼,안정형,556000
남,20대,1000만원미만,자영업,미혼,공격투자형,1101000
여,40대,3000만원미만,서비스업,미혼,적극투자형,1823000
남,50대,10000만원미만,전문직,기혼,안정추구형,28213000
남,50대,3000만원미만,서비스업,미혼,안정형,1415000
여,60대,1000만원미만,기타,기혼,적극투자형,580000
남,30대,10000만원미만,서비스업,미혼,위험중립형,11424000
여,30대,5000만원미만,기타,미혼,위험중립형,3012000
여,30대,10000만원미만,자영업,미혼,공격투자형,9786000
남,20대,10000만원이상,전문직,기혼,공격투자형,25441000
남,60대,10000만원미만,서비스업,기혼,공격투자형,18889000
남,20대,10000만원미만,기타,미혼,위험중립형,24321000
남,60대,3000만원미만,자영업,기혼,공격투자형,4913000
여,40대,10000만원이상,서비스업,미혼,적극투자형,30644000
남,40대,10000만원미만,전문직,기혼,안정추구형,17334000
여,50대,3000만원미만,서비스업,기혼,안정형,2844000
남,40대,10000만원미만,서비스업,미혼,안정추구형,13195000
여,40대,3000만원미만,기타,기혼,안정형,3348000
남,20대,3000만원미만,자영업,미혼,안정추구형,4447000
남,50대,3000만원미만,전문직,기혼,공격투자형,3270000
여,30대,10000만원이상,자영업,미혼,안정추구형,36145000
남,40대,3000만원미만,서비스업,기혼,안정형,2484000
여,20대,10000만원이상,서비스업,미혼,안정형,24831000
여,40대,5000만원미만,전문직,기혼,안정형,6554000
남,60대,3000만원미만,서비스업,기혼,안정추구형,2773000
남,20대,10000만원미만,서비스업,기혼,안정형,11594000
여,50대,10000만원이상,사무종사자,기혼,안정형,42518000
여,60대,1000만원미만,서비스업,미혼,공격투자형,725000
남,20대,10000만원이상,전문직,기혼,안정형,30755000
남,20대,10000만원미만,기타,기혼,안정추구형,14084000
여,30대,1000만원미만,전문직,미혼,적극투자형,1497000
여,50대,10000만원이상,서비스업,기혼,안정형,62739000
남,50대,3000만원미만,전문직,기혼,적극투자형,1890000
남,50대,3000만원미만,기타,기혼,위험중립형,1362000
남,60대,3000만원미만,전문직,기혼,공격투자형,2205000
여,30대,3000만원미만,사무종사자,기혼,안정형,3742000
남,30대,5000만원미만,사무종사자,기혼,적극투자형,5903000
여,40대,10000만원미만,전문직,미혼,공격투자형,20763000
남,60대,5000만원미만,사무종사자,미혼,안정추구형,4507000
여,30대,10000만원미만,사무종사자,기혼,공격투자형,12243000
남,50대,3000만원미만,서비스업,기혼,적극투자형,2577000
여,30대,1000만원미만,전문직,미혼,안정추구형,1220000
남,30대,3000만원미만,서비스업,미혼,안정형,2170000
여,20대,5000만원미만,기타,미혼,적극투자형,4666000
여,60대,3000만원미만,사무종사자,미혼,안정추구형,1545000
남,20대,10000만원미만,전문직,미혼,공격투자형,19554000
남,50대,3000만원미만,전문직,미혼,위험중립형,3578000
여,40대,5000만원미만,서비스업,기혼,공격투자형,3658000
남,20대,1000만원미만,자영업,기혼,안정형,849000
남,30대,10000만원미만,자영업,미혼,위험중립형,13143000
여,30대,5000만원미만,사무종사자,미혼,안정추구형,6040000
여,60대,3000만원미만,서비스업,미혼,공격투자형,2040000
여,50대,5000만원미만,사무종사자,미혼,공격투자형,6314000
남,30대,5000만원미만,서비스업,기혼,위험중립형,6656000
여,60대,10000만원미만,전문직,미혼,위험중립형,9388000
여,50대,10000만원미만,전문직,미혼,안정추구형,8956000
남,50대,10000만원이상,전문직,미혼,공격투자형,39910000
여,30대,10000만원이상,서비스업,미혼,안정형,30433000
여,20대,1000만원미만,자영업,기혼,공격투자형,782000
남,30대,3000만원미만,사무종사자,미혼,공격투자형,2695000
여,20대,1000만원미만,기타,미혼,공격투자형,800000
여,60대,3000만원미만,전문직,기혼,공격투자형,1490000
여,40대,5000만원미만,전문직,미혼,공격투자형,7160000
남,60대,3000만원미만,자영업,기혼,안정형,2882000
남,40대,3000만원미만,기타,기혼,공격투자형,3025000
남,40대,1000만원미만,기타,미혼,안정추구형,554000
여,20대,1000만원미만,자영업,기혼,적극투자형,1136000
남,30대,10000만원미만,사무종사자,미혼,위험중립형,11139000
여,40대,1000만원미만,전문직,기혼,공격투자형,493000
여,40대,1000만원미만,서비스업,기혼,안정형,852000
여,30대,5000만원미만,기타,미혼,안정형,4793000
여,20대,10000만원이상,전문직,기혼,공격투자형,56110000
남,30대,10000만원미만,서비스업,기혼,안정추구형,8587000
여,50대,3000만원미만,서비스업,기혼,위험중립형,2088000
여,50대,10000만원이상,전문직,미혼,안정형,58848000
여,50대,1000만원미만,자영업,미혼,위험중립형,1029000
남,50대,10000만원미만,서비스업,기혼,적극투자형,23519000
남,40대,3000만원미만,사무종사자,미혼,안정형,2139000
여,20대,1000만원미만,사무종사자,미혼,안정형,757000
남,30대,3000만원미만,서비스업,기혼,안정형,2115000
남,40대,10000만원이상,자영업,미혼,안정추구형,71503000
남,30대,1000만원미만,기타,기혼,안정형,1208000
남,30대,3000만원미만,기타,미혼,안정형,1990000
여,50대,10000만원미만,전문직,미혼,적극투자형,15636000
남,50대,5000만원미만,기타,기혼,안정형,3813000
남,30대,10000만원미만,기타,기혼,안정형,29720000
여,30대,3000만원미만,기타,기혼,안정형,1161000
남,40대,10000만원이상,서비스업,미혼,안정형,24202000
여,20대,5000만원미만,자영업,기혼,안정형,3716000
남,40대,3000만원미만,전문직,미혼,위험중립형,4006000
남,60대,1000만원미만,기타,미혼,적극투자형,1265000
여,50대,3000만원미만,사무종사자,기혼,위험중립형,1950000
여,30대,10000만원이상,서비스업,기혼,적극투자형,69018000
여,30대,1000만원미만,기타,미혼,적극투자형,504000
여,50대,3000만원미만,자영업,기혼,공격투자형,4634000
남,60대,3000만원미만,사무종사자,기혼,적극투자형,2310000
남,40대,3000만원미만,자영업,미혼,위험중립형,4486000
여,30대,3000만원미만,사무종사자,미혼,공격투자형,2100000
남,60대,5000만원미만,사무종사자,기혼,공격투자형,10866000
여,60대,5000만원미만,자영업,기혼,안정추구형,3705000
남,50대,1000만원미만,전문직,기혼,안정추구형,870000
남,50대,1000만원미만,전문직,미혼,공격투자형,862000
여,40대,10000만원이상,기타,미혼,공격투자형,41867000
여,50대,10000만원이상,사무종사자,미혼,적극투자형,42457000
남,30대,5000만원미만,기타,미혼,공격투자형,6341000
여,40대,10000만원미만,서비스업,기혼,공격투자형,14011000
남,50대,1000만원미만,자영업,기혼,공격투자형,1207000
남,50대,5000만원미만,기타,미혼,안정형,5899000
여,50대,5000만원미만,사무종사자,미혼,안정추구형,5284000
남,40대,3000만원미만,기타,기혼,위험중립형,4284000
여,20대,3000만원미만,서비스업,기혼,적극투자형,2341000
남,40대,1000만원미만,자영업,미혼,안정추구형,935000
여,50대,10000만원미만,자영업,미혼,위험중립형,10987000
남,40대,3000만원미만,사무종사자,기혼,공격투자형,2566000
남,40대,5000만원미만,자영업,기혼,적극투자형,8399000
남,40대,5000만원미만,서비스업,기혼,안정추구형,3396000
여,30대,1000만원미만,사무종사자,기혼,안정형,567000
남,60대,3000만원미만,기타,기혼,위험중립형,5346000
여,50대,5000만원미만,사무종사자,미혼,적극투자형,4449000
남,60대,1000만원미만,사무종사자,기혼,안정형,611000
남,30대,10000만원미만,자영업,미혼,안정추구형,10508000
남,50대,3000만원미만,자영업,기혼,공격투자형,3389000
남,40대,10000만원미만,서비스업,기혼,안정추구형,14907000
남,40대,3000만원미만,자영업,기혼,안정형,2496000
여,40대,5000만원미만,사무종사자,기혼,안정추구형,5279000
여,50대,10000만원미만,사무종사자,미혼,안정형,7938000
여,40대,10000만원이상,서비스업,기혼,안정형,22786000
여,50대,10000만원이상,서비스업,기혼,안정형,27026000
여,20대,3000만원미만,기타,기혼,안정추구형,1922000
남,50대,10000만원미만,기타,미혼,공격투자형,15210000
남,20대,10000만원미만,전문직,미혼,안정추구형,12913000
남,50대,3000만원미만,서비스업,기혼,안정추구형,4633000
남,50대,5000만원미만,사무종사자,기혼,위험중립형,6905000
남,40대,5000만원미만,전문직,미혼,적극투자형,7097000
남,20대,3000만원미만,서비스업,미혼,위험중립형,1986000
여,60대,3000만원미만,서비스업,기혼,안정추구형,1685000
여,20대,3000만원미만,사무종사자,미혼,공격투자형,2975000
여,40대,5000만원미만,사무종사자,기혼,안정형,4816000
여,30대,10000만원이상,사무종사자,기혼,공격투자형,38772000
남,50대,3000만원미만,기타,기혼,안정추구형,2080000
여,30대,10000만원미만,기타,기혼,공격투자형,13033000
남,60대,5000만원미만,자영업,기혼,안정추구형,5436000
남,20대,5000만원미만,사무종사자,미혼,위험중립형,6278000
남,60대,3000만원미만,기타,미혼,공격투자형,2349000
여,40대,1000만원미만,서비스업,미혼,공격투자형,901000
여,20대,10000만원이상,전문직,기혼,적극투자형,53150000
남,20대,3000만원미만,기타,기혼,안정추구형,2457000
여,20대,3000만원미만,자영업,미혼,적극투자형,3645000
남,60대,1000만원미만,서비스업,미혼,적극투자형,775000
여,50대,10000만원미만,사무종사자,기혼,공격투자형,6288000
여,50대,3000만원미만,사무종사자,미혼,공격투자형,3824000
남,40대,5000만원미만,사무종사자,미혼,안정형,3742000
남,60대,10000만원미만,서비스업,기혼,안정추구형,30126000
남,40대,3000만원미만,전문직,기혼,위험중립형,2485000
여,30대,10000만원미만,자영업,기혼,안정추구형,8994000
남,20대,1000만원미만,서비스업,미혼,공격투자형,697000
여,20대,10000만원미만,자영업,미혼,위험중립형,13049000
남,50대,10000만원이상,기타,기혼,안정추구형,27158000
여,30대,10000만원미만,전문직,기혼,위험중립형,16148000
남,20대,5000만원미만,자영업,미혼,안정형,3323000
남,30대,10000만원미만,전문직,기혼,적극투자형,10862000
여,50대,5000만원미만,전문직,기혼,공격투자형,4962000
여,60대,3000만원미만,서비스업,미혼,공격투자형,4069000
남,60대,1000만원미만,기타,미혼,안정추구형,884000
남,50대,5000만원미만,전문직,기혼,안정추구형,10533000
남,40대,3000만원미만,자영업,기혼,공격투자형,5128000
남,60대,3000만원미만,서비스업,미혼,적극투자형,4192000
여,60대,1000만원미만,전문직,미혼,안정형,494000
여,30대,3000만원미만,서비스업,기혼,적극투자형,2519000
남,30대,5000만원미만,서비스업,기혼,위험중립형,9053000
남,60대,5000만원미만,서비스업,기혼,안정형,4268000
여,20대,10000만원미만,사무종사자,기혼,안정추구형,14443000
남,60대,10000만원미만,서비스업,미혼,공격투자형,13098000
남,30대,3000만원미만,자영업,기혼,안정형,3213000
남,40대,10000만원이상,기타,미혼,공격투자형,53293000
남,20대,5000만원미만,사무종사자,미혼,안정추구형,7899000
여,20대,3000만원미만,자영업,기혼,위험중립형,2502000
남,30대,5000만원미만,자영업,기혼,위험중립형,4878000
여,40대,10000만원이상,서비스업,미혼,공격투자형,73747000
남,20대,10000만원미만,서비스업,미혼,안정형,11297000
남,50대,10000만원미만,사무종사자,기혼,안정추구형,13634000
여,60대,10000만원미만,전문직,기혼,위험중립형,14900000
여,30대,5000만원미만,자영업,기혼,안정형,5697000
남,60대,10000만원미만,서비스업,미혼,적극투자형,17511000
여,60대,1000만원미만,전문직,미혼,공격투자형,467000
여,30대,3000만원미만,기타,기혼,적극투자형,4959000
여,40대,1000만원미만,전문직,미혼,공격투자형,1287000
여,30대,10000만원미만,기타,기혼,안정추구형,9722000
여,50대,5000만원미만,사무종사자,기혼,위험중립형,5396000
남,20대,10000만원이상,기타,미혼,적극투자형,21555000
남,50대,1000만원미만,전문직,기혼,적극투자형,1772000
남,20대,1000만원미만,전문직,기혼,안정추구형,730000
남,30대,3000만원미만,전문직,기혼,공격투자형,2757000
남,60대,1000만원미만,자영업,기혼,안정형,1268000
남,60대,10000만원미만,사무종사자,미혼,위험중립형,10601000
남,60대,3000만원미만,전문직,기혼,공격투자형,3847000
남,20대,3000만원미만,자영업,기혼,공격투자형,3412000
남,40대,10000만원이상,서비스업,기혼,공격투자형,89815000
남,50대,10000만원미만,전문직,기혼,적극투자형,15082000
여,40대,5000만원미만,자영업,미혼,위험중립형,4229000
여,40대,3000만원미만,전문직,미혼,공격투자형,2649000
남,60대,10000만원미만,서비스업,미혼,안정추구형,22310000
남,30대,3000만원미만,전문직,미혼,공격투자형,2510000
여,50대,3000만원미만,전문직,미혼,적극투자형,3056000
남,20대,1000만원미만,기타,기혼,위험중립형,380000
여,50대,3000만원미만,서비스업,미혼,적극투자형,2214000
여,60대,1000만원미만,전문직,기혼,위험중립형,580000
남,30대,1000만원미만,사무종사자,미혼,공격투자형,1034000
여,50대,1000만원미만,자영업,미혼,공격투자형,454000
여,40대,5000만원미만,서비스업,미혼,안정추구형,6341000
여,20대,3000만원미만,자영업,기혼,안정형,2881000
남,30대,5000만원미만,자영업,기혼,적극투자형,8249000
남,20대,5000만원미만,전문직,미혼,공격투자형,11132000
여,40대,10000만원미만,전문직,기혼,공격투자형,13921000
여,50대,10000만원이상,사무종사자,미혼,안정형,20993000
여,20대,5000만원미만,기타,미혼,안정추구형,7242000
남,30대,1000만원미만,서비스업,미혼,안정추구형,769000
여,60대,3000만원미만,사무종사자,기혼,위험중립형,3155000
여,60대,10000만원미만,자영업,미혼,안정추구형,11573000
여,40대,5000만원미만,서비스업,기혼,안정형,5218000
여,30대,10000만원이상,서비스업,기혼,위험중립형,23406000
여,40대,5000만원미만,기타,기혼,안정추구형,5298000
남,40대,1000만원미만,기타,미혼,적극투자형,1224000
남,30대,1000만원미만,기타,미혼,안정형,538000
여,50대,1000만원미만,서비스업,미혼,공격투자형,1411000
여,30대,5000만원미만,기타,기혼,적극투자형,5644000
여,30대,1000만원미만,전문직,기혼,공격투자형,1131000
남,20대,1000만원미만,전문직,미혼,적극투자형,509000
남,50대,10000만원미만,기타,기혼,적극투자형,29666000
여,50대,10000만원미만,자영업,기혼,적극투자형,21471000
남,50대,10000만원이상,자영업,기혼,적극투자형,53762000
여,50대,1000만원미만,전문직,기혼,안정추구형,614000
남,50대,10000만원미만,사무종사자,기혼,공격투자형,9541000
여,20대,1000만원미만,사무종사자,미혼,안정추구형,465000
여,40대,5000만원미만,사무종사자,기혼,적극투자형,8274000
남,50대,5000만원미만,전문직,미혼,위험중립형,9966000
여,20대,1000만원미만,전문직,미혼,안정추구형,806000
남,30대,10000만원이상,기타,기혼,안정추구형,32593000
여,30대,10000만원미만,자영업,기혼,안정형,9691000
남,60대,10000만원미만,기타,미혼,공격투자형,16608000
여,30대,5000만원미만,기타,기혼,안정추구형,4562000
여,20대,1000만원미만,사무종사자,미혼,안정추구형,1036000
남,40대,10000만원이상,전문직,기혼,안정추구형,21192000
남,50대,5000만원미만,서비스업,미혼,적극투자형,6186000
남,20대,3000만원미만,기타,기혼,공격투자형,1974000
남,30대,1000만원미만,서비스업,기혼,공격투자형,797000
남,50대,3000만원미만,자영업,미혼,공격투자형,4393000
남,30대,5000만원미만,사무종사자,기혼,안정형,2014000
남,30대,5000만원미만,기타,미혼,안정추구형,5588000
여,60대,5000만원미만,자영업,기혼,위험중립형,6953000
여,30대,10000만원이상,자영업,기혼,안정형,47307000
남,40대,3000만원미만,서비스업,미혼,적극투자형,3008000
여,20대,5000만원미만,전문직,미혼,공격투자형,5010000
여,30대,3000만원미만,자영업,미혼,적극투자형,2763000
여,30대,1000만원미만,기타,미혼,안정형,791000
남,50대,10000만원이상,전문직,기혼,안정추구형,47956000
여,60대,3000만원미만,전문직,미혼,안정형,2236000
여,20대,3000만원미만,사무종사자,기혼,공격투자형,1316000
여,60대,5000만원미만,기타,기혼,안정추구형,4842000
남,20대,10000만원이상,기타,기혼,공격투자형,35147000
남,60대,10000만원미만,전문직,기혼,안정추구형,10068000
남,60대,10000만원미만,자영업,기혼,위험중립형,18786000
여,50대,5000만원미만,전문직,미혼,안정형,3399000
여,50대,5000만원미만,전문직,기혼,안정형,4840000
남,40대,10000만원미만,자영업,미혼,안정형,14184000
여,30대,5000만원미만,서비스업,기혼,위험중립형,4230000
남,20대,5000만원미만,사무종사자,기혼,위험중립형,9647000
남,40대,3000만원미만,서비스업,기혼,공격투자형,1191000
남,50대,10000만원미만,사무종사자,미혼,안정형,18642000
여,40대,5000만원미만,기타,기혼,적극투자형,8931000
남,20대,3000만원미만,서비스업,기혼,적극투자형,5921000
남,50대,3000만원미만,전문직,기혼,위험중립형,3025000
남,30대,5000만원미만,자영업,기혼,공격투자형,7073000
남,60대,3000만원미만,사무종사자,기혼,공격투자형,6959000
여,30대,1000만원미만,사무종사자,기혼,공격투자형,740000
남,40대,3000만원미만,자영업,미혼,적극투자형,1800000
여,50대,5000만원미만,자영업,기혼,적극투자형,10345000
남,60대,3000만원미만,사무종사자,기혼,공격투자형,3269000
여,50대,3000만원미만,기타,기혼,공격투자형,3363000
남,60대,3000만원미만,서비스업,기혼,공격투자형,2988000
남,20대,10000만원미만,기타,미혼,안정추구형,17662000
남,50대,3000만원미만,전문직,미혼,안정형,2093000
여,40대,10000만원이상,자영업,기혼,적극투자형,27824000
남,40대,5000만원미만,기타,미혼,위험중립형,4562000
여,30대,3000만원미만,기타,미혼,적극투자형,1821000
남,20대,10000만원이상,사무종사자,기혼,위험중립형,28210000
남,20대,3000만원미만,전문직,기혼,적극투자형,3425000
여,50대,1000만원미만,자영업,미혼,공격투자형,972000
여,20대,10000만원미만,사무종사자,기혼,공격투자형,20880000
여,50대,3000만원미만,자영업,미혼,위험중립형,3588000
여,20대,3000만원미만,사무종사자,기혼,안정추구형,3167000
여,40대,3000만원미만,사무종사자,기혼,공격투자형,2181000
남,50대,5000만원미만,자영업,미혼,공격투자형,9057000
남,30대,3000만원미만,서비스업,기혼,안정형,1776000
남,60대,3000만원미만,서비스업,미혼,공격투자형,2288000
여,60대,10000만원미만,서비스업,기혼,위험중립형,21109000
남,30대,3000만원미만,기타,기혼,적극투자형,2999000
여,20대,10000만원미만,자영업,기혼,안정형,11634000
남,20대,5000만원미만,서비스업,기혼,공격투자형,8309000
남,30대,5000만원미만,서비스업,기혼,위험중립형,6202000
남,30대,5000만원미만,전문직,기혼,적극투자형,12152000
남,60대,3000만원미만,기타,미혼,위험중립형,1234000
여,60대,3000만원미만,자영업,미혼,안정형,1136000
여,30대,5000만원미만,서비스업,기혼,안정추구형,5319000
남,50대,3000만원미만,전문직,미혼,공격투자형,2589000
여,50대,5000만원미만,자영업,기혼,적극투자형,2663000
남,20대,5000만원미만,전문직,기혼,공격투자형,8238000
남,40대,3000만원미만,사무종사자,기혼,안정형,2189000
남,40대,3000만원미만,사무종사자,기혼,안정추구형,2629000
남,30대,5000만원미만,사무종사자,미혼,위험중립형,7393000
여,20대,5000만원미만,자영업,기혼,적극투자형,4086000
남,40대,10000만원이상,사무종사자,기혼,안정형,27579000
여,60대,3000만원미만,사무종사자,기혼,안정형,3257000
남,20대,3000만원미만,자영업,미혼,적극투자형,2334000
여,40대,10000만원이상,사무종사자,미혼,적극투자형,32682000
남,20대,1000만원미만,서비스업,미혼,안정추구형,608000
여,30대,5000만원미만,서비스업,기혼,공격투자형,7993000
여,60대,10000만원이상,서비스업,미혼,위험중립형,53169000
여,40대,10000만원미만,서비스업,기혼,공격투자형,24749000
여,30대,3000만원미만,자영업,기혼,위험중립형,1159000
여,20대,5000만원미만,서비스업,미혼,위험중립형,6610000
여,60대,1000만원미만,전문직,기혼,안정형,754000
여,60대,10000만원이상,전문직,미혼,공격투자형,29257000
여,40대,5000만원미만,자영업,기혼,적극투자형,5131000
여,50대,10000만원이상,전문직,기혼,안정형,52246000
여,40대,5000만원미만,전문직,기혼,위험중립형,8291000
남,40대,3000만원미만,사무종사자,미혼,위험중립형,3451000
여,40대,5000만원미만,전문직,기혼,안정형,5792000
남,20대,10000만원미만,사무종사자,기혼,위험중립형,15001000
여,20대,10000만원미만,자영업,미혼,공격투자형,14552000
남,30대,10000만원미만,기타,기혼,적극투자형,9694000
여,30대,3000만원미만,서비스업,기혼,안정추구형,2293000
남,40대,1000만원미만,전문직,미혼,안정추구형,925000
남,20대,10000만원미만,서비스업,기혼,적극투자형,11517000
여,40대,3000만원미만,사무종사자,기혼,안정추구형,2128000
남,20대,3000만원미만,자영업,미혼,위험중립형,2273000
여,30대,5000만원미만,전문직,미혼,위험중립형,7627000
여,40대,1000만원미만,서비스업,미혼,안정추구형,585000
남,50대,10000만원미만,전문직,기혼,안정형,7949000
여,60대,1000만원미만,자영업,기혼,안정형,396000
남,30대,3000만원미만,전문직,기혼,안정형,1591000
남,60대,5000만원미만,자영업,기혼,공격투자형,9479000
여,20대,1000만원미만,사무종사자,기혼,위험중립형,907000
남,30대,10000만원미만,사무종사자,미혼,공격투자형,13822000
남,30대,1000만원미만,전문직,기혼,위험중립형,708000
남,30대,5000만원미만,전문직,기혼,공격투자형,7165000
여,30대,1000만원미만,전문직,미혼,안정형,731000
여,20대,5000만원미만,전문직,기혼,적극투자형,6311000
남,20대,3000만원미만,서비스업,미혼,공격투자형,1115000
여,50대,3000만원미만,사무종사자,기혼,위험중립형,3348000
남,30대,3000만원미만,사무종사자,기혼,안정추구형,2414000
여,30대,5000만원미만,서비스업,기혼,적극투자형,5851000
남,30대,10000만원미만,사무종사자,기혼,안정추구형,15706000
남,60대,10000만원미만,기타,기혼,안정추구형,14554000
여,50대,10000만원미만,전문직,미혼,공격투자형,7179000
남,40대,1000만원미만,전문직,기혼,안정추구형,642000
남,50대,5000만원미만,기타,미혼,적극투자형,6450000
남,30대,10000만원미만,사무종사자,기혼,위험중립형,22080000
여,30대,10000만원미만,기타,기혼,공격투자형,16029000
남,30대,3000만원미만,전문직,기혼,안정형,1441000
여,50대,10000만원이상,전문직,미혼,적극투자형,43918000
남,60대,1000만원미만,자영업,기혼,안정형,572000
여,60대,3000만원미만,서비스업,기혼,안정추구형,1253000
여,50대,3000만원미만,기타,미혼,안정형,1460000
남,40대,10000만원이상,서비스업,기혼,공격투자형,21591000
남,30대,3000만원미만,사무종사자,기혼,안정형,3083000
남,30대,10000만원미만,전문직,기혼,적극투자형,13630000
남,40대,3000만원미만,사무종사자,기혼,공격투자형,2937000
여,20대,10000만원미만,전문직,미혼,적극투자형,9039000
여,30대,10000만원이상,사무종사자,기혼,위험중립형,22469000
남,40대,3000만원미만,기타,기혼,적극투자형,5178000
여,30대,3000만원미만,자영업,미혼,안정형,2067000
여,60대,3000만원미만,기타,기혼,위험중립형,1589000
남,40대,3000만원미만,전문직,기혼,안정추구형,1682000
남,30대,3000만원미만,자영업,기혼,공격투자형,4267000
남,50대,10000만원이상,자영업,기혼,공격투자형,64994000
여,40대,5000만원미만,전문직,기혼,안정추구형,4466000
남,50대,1000만원미만,전문직,기혼,안정형,249000
남,30대,5000만원미만,서비스업,미혼,위험중립형,6446000
여,50대,5000만원미만,기타,기혼,안정추구형,2509000
여,30대,1000만원미만,기타,미혼,적극투자형,1056000
남,50대,3000만원미만,자영업,미혼,안정추구형,4405000
남,40대,5000만원미만,서비스업,미혼,적극투자형,12117000
남,30대,1000만원미만,자영업,미혼,적극투자형,1501000
여,30대,5000만원미만,자영업,미혼,안정추구형,7019000
여,40대,3000만원미만,자영업,기혼,위험중립형,1574000
남,40대,1000만원미만,기타,기혼,안정추구형,946000
남,30대,10000만원미만,기타,기혼,위험중립형,19154000
남,40대,3000만원미만,기타,기혼,위험중립형,2526000
남,60대,1000만원미만,사무종사자,미혼,안정형,753000
여,20대,5000만원미만,사무종사자,기혼,위험중립형,1878000
여,50대,5000만원미만,사무종사자,기혼,공격투자형,5898000
여,30대,5000만원미만,자영업,기혼,공격투자형,14606000
여,50대,10000만원이상,기타,기혼,공격투자형,45550000
남,60대,1000만원미만,전문직,기혼,공격투자형,855000
남,40대,10000만원이상,기타,기혼,안정형,31894000
남,30대,10000만원미만,자영업,기혼,공격투자형,13826000
여,40대,3000만원미만,전문직,기혼,적극투자형,2637000
여,40대,3000만원미만,사무종사자,미혼,위험중립형,1297000
여,50대,1000만원미만,자영업,기혼,적극투자형,657000
남,50대,3000만원미만,전문직,미혼,안정형,2991000
여,30대,5000만원미만,사무종사자,미혼,위험중립형,11117000
여,40대,3000만원미만,기타,기혼,안정형,1884000
여,30대,5000만원미만,자영업,기혼,위험중립형,6187000
여,20대,3000만원미만,사무종사자,미혼,위험중립형,2740000
여,40대,10000만원미만,사무종사자,미혼,공격투자형,17972000
남,50대,3000만원미만,자영업,미혼,안정형,1687000
여,30대,10000만원이상,사무종사자,미혼,안정형,21435000
남,30대,10000만원이상,사무종사자,기혼,위험중립형,30986000
여,50대,1000만원미만,자영업,기혼,안정형,495000
여,20대,1000만원미만,기타,미혼,위험중립형,666000
여,30대,10000만원미만,사무종사자,기혼,안정형,9059000
여,30대,3000만원미만,서비스업,미혼,안정형,1305000
여,50대,10000만원미만,자영업,기혼,위험중립형,16449000
남,40대,3000만원미만,자영업,미혼,안정형,2119000
남,30대,10000만원미만,전문직,기혼,공격투자형,12984000
남,40대,10000만원이상,전문직,미혼,공격투자형,76734000
여,30대,10000만원미만,전문직,기혼,적극투자형,10909000
여,50대,10000만원미만,전문직,미혼,안정형,11676000
여,60대,3000만원미만,사무종사자,기혼,안정추구형,3085000
남,40대,1000만원미만,전문직,기혼,안정추구형,623000
여,30대,5000만원미만,서비스업,미혼,공격투자형,13978000
여,30대,5000만원미만,자영업,기혼,안정추구형,3774000
남,50대,10000만원이상,자영업,미혼,위험중립형,43402000
남,60대,3000만원미만,자영업,미혼,안정추구형,2778000
여,30대,5000만원미만,자영업,기혼,공격투자형,7031000
남,60대,3000만원미만,사무종사자,기혼,위험중립형,2782000
여,20대,5000만원미만,자영업,미혼,안정추구형,5347000
남,40대,3000만원미만,사무종사자,기혼,적극투자형,2292000
남,30대,1000만원미만,전문직,기혼,안정형,770000
남,30대,10000만원미만,사무종사자,기혼,안정형,17954000
여,30대,5000만원미만,서비스업,기혼,안정형,4502000
여,40대,1000만원미만,전문직,미혼,적극투자형,1230000
여,50대,3000만원미만,기타,기혼,안정추구형,3066000
남,30대,5000만원미만,자영업,미혼,적극투자형,4539000
남,50대,3000만원미만,자영업,기혼,안정추구형,2100000
남,40대,5000만원미만,기타,기혼,안정형,8563000
남,50대,3000만원미만,사무종사자,기혼,안정추구형,2231000
남,50대,3000만원미만,기타,기혼,공격투자형,2590000
여,40대,10000만원미만,사무종사자,미혼,안정추구형,13738000
여,50대,10000만원미만,사무종사자,기혼,안정추구형,21336000
남,30대,5000만원미만,기타,기혼,공격투자형,4801000
여,20대,1000만원미만,기타,미혼,적극투자형,690000
여,60대,10000만원미만,사무종사자,미혼,위험중립형,12143000
남,50대,3000만원미만,자영업,미혼,공격투자형,2782000
남,20대,5000만원미만,기타,기혼,안정형,3702000
여,30대,5000만원미만,기타,기혼,공격투자형,5502000
남,20대,1000만원미만,기타,미혼,안정형,778000
남,40대,3000만원미만,자영업,미혼,공격투자형,3727000
남,40대,10000만원미만,전문직,미혼,적극투자형,17807000
여,40대,10000만원미만,서비스업,기혼,안정추구형,12035000
여,40대,1000만원미만,자영업,기혼,안정형,987000
남,30대,1000만원미만,자영업,미혼,공격투자형,1450000
여,30대,3000만원미만,사무종사자,미혼,안정추구형,1128000
남,20대,1000만원미만,기타,미혼,안정추구형,558000
남,20대,10000만원이상,전문직,기혼,적극투자형,30583000
남,50대,3000만원미만,서비스업,기혼,적극투자형,3122000
남,20대,3000만원미만,자영업,미혼,안정추구형,2403000
남,20대,5000만원미만,기타,기혼,안정추구형,4099000
남,60대,10000만원미만,서비스업,기혼,위험중립형,35085000
여,40대,5000만원미만,서비스업,기혼,안정추구형,7137000
남,60대,10000만원이상,사무종사자,기혼,위험중립형,39534000
남,40대,5000만원미만,기타,기혼,안정추구형,7512000
여,40대,3000만원미만,기타,기혼,적극투자형,3540000
여,40대,5000만원미만,서비스업,기혼,안정형,2502000
남,20대,1000만원미만,사무종사자,기혼,안정형,794000
여,40대,10000만원미만,전문직,미혼,안정추구형,14383000
여,40대,5000만원미만,자영업,기혼,안정형,2918000
남,30대,3000만원미만,사무종사자,미혼,안정형,2671000
남,50대,3000만원미만,사무종사자,기혼,적극투자형,2870000
남,20대,5000만원미만,사무종사자,기혼,위험중립형,4916000
남,30대,5000만원미만,전문직,기혼,안정형,6037000
여,40대,10000만원이상,자영업,미혼,안정추구형,24492000
남,20대,3000만원미만,서비스업,기혼,공격투자형,1804000
남,20대,3000만원미만,전문직,기혼,위험중립형,2524000
남,20대,10000만원미만,사무종사자,기혼,적극투자형,12798000
여,40대,10000만원미만,전문직,미혼,적극투자형,27059000
여,30대,10000만원미만,자영업,기혼,적극투자형,13605000
남,30대,5000만원미만,자영업,기혼,적극투자형,9919000
남,20대,10000만원미만,사무종사자,미혼,위험중립형,23704000
여,30대,3000만원미만,기타,미혼,위험중립형,3463000
남,30대,5000만원미만,서비스업,기혼,안정형,8470000
남,20대,5000만원미만,전문직,기혼,공격투자형,6633000
남,50대,1000만원미만,서비스업,미혼,공격투자형,852000
남,30대,10000만원이상,서비스업,기혼,위험중립형,41607000
여,30대,10000만원미만,기타,기혼,공격투자형,14599000
남,60대,10000만원미만,전문직,기혼,위험중립형,9893000
여,20대,3000만원미만,서비스업,기혼,적극투자형,2437000
여,40대,5000만원미만,기타,미혼,위험중립형,6614000
여,30대,3000만원미만,전문직,기혼,안정형,1724000
남,40대,10000만원미만,자영업,미혼,위험중립형,16202000
남,60대,1000만원미만,사무종사자,기혼,적극투자형,913000
여,30대,10000만원미만,사무종사자,미혼,안정추구형,16276000
남,60대,3000만원미만,기타,미혼,안정추구형,2354000
남,30대,10000만원이상,기타,미혼,안정형,22930000
여,40대,10000만원이상,전문직,기혼,적극투자형,49086000
여,20대,5000만원미만,사무종사자,미혼,안정형,2935000
남,50대,1000만원미만,기타,기혼,위험중립형,1239000
여,50대,5000만원미만,전문직,미혼,적극투자형,4259000
여,50대,3000만원미만,사무종사자,기혼,안정추구형,3264000
남,40대,10000만원이상,서비스업,미혼,안정형,39746000
남,60대,10000만원미만,사무종사자,기혼,안정추구형,20315000
남,30대,5000만원미만,사무종사자,미혼,안정형,7976000
여,50대,10000만원미만,사무종사자,미혼,안정추구형,8206000
여,50대,5000만원미만,전문직,기혼,안정형,4565000
남,40대,3000만원미만,기타,기혼,적극투자형,1997000
여,20대,5000만원미만,자영업,기혼,공격투자형,3712000
남,50대,3000만원미만,전문직,기혼,공격투자형,2312000
남,40대,1000만원미만,자영업,미혼,적극투자형,971000
남,60대,1000만원미만,자영업,기혼,위험중립형,739000
여,60대,10000만원이상,전문직,미혼,위험중립형,32618000
남,20대,3000만원미만,자영업,미혼,위험중립형,2288000
여,50대,5000만원미만,사무종사자,기혼,안정추구형,6896000
여,50대,3000만원미만,전문직,기혼,안정추구형,1918000
여,50대,3000만원미만,자영업,기혼,적극투자형,2650000
남,20대,1000만원미만,서비스업,기혼,적극투자형,914000
남,50대,10000만원이상,사무종사자,기혼,위험중립형,64187000
여,20대,1000만원미만,사무종사자,미혼,적극투자형,903000
여,60대,5000만원미만,전문직,미혼,위험중립형,8964000
여,40대,5000만원미만,기타,기혼,적극투자형,7213000
남,20대,10000만원미만,전문직,미혼,안정형,15717000
여,40대,1000만원미만,전문직,미혼,적극투자형,1061000
남,40대,10000만원미만,서비스업,기혼,적극투자형,12589000
여,40대,5000만원미만,전문직,미혼,공격투자형,8955000
남,40대,3000만원미만,전문직,기혼,위험중립형,3082000
여,20대,10000만원미만,전문직,기혼,위험중립형,13934000
여,40대,3000만원미만,전문직,미혼,안정추구형,2033000
남,40대,5000만원미만,자영업,기혼,공격투자형,8150000
여,20대,10000만원미만,사무종사자,미혼,위험중립형,8010000
여,30대,5000만원미만,서비스업,기혼,안정추구형,6686000
여,50대,5000만원미만,자영업,기혼,공격투자형,5493000
남,40대,3000만원미만,사무종사자,미혼,공격투자형,1430000
남,30대,3000만원미만,전문직,미혼,적극투자형,3089000
남,20대,3000만원미만,전문직,미혼,안정추구형,2709000
남,30대,5000만원미만,사무종사자,기혼,위험중립형,4120000
남,50대,10000만원이상,사무종사자,미혼,안정형,34726000
남,30대,10000만원미만,자영업,미혼,공격투자형,21660000
남,60대,10000만원이상,자영업,미혼,위험중립형,34274000
여,30대,3000만원미만,사무종사자,미혼,안정형,1469000
여,30대,3000만원미만,서비스업,기혼,적극투자형,1784000
남,40대,10000만원미만,기타,미혼,안정추구형,13461000
남,60대,3000만원미만,기타,미혼,적극투자형,2766000
여,60대,1000만원미만,서비스업,미혼,공격투자형,794000
남,30대,5000만원미만,전문직,기혼,위험중립형,6049000
여,30대,10000만원미만,서비스업,미혼,공격투자형,21740000
남,40대,10000만원미만,기타,기혼,위험중립형,9508000
여,30대,10000만원미만,사무종사자,기혼,위험중립형,15647000
여,60대,10000만원이상,전문직,미혼,위험중립형,20560000
남,60대,5000만원미만,기타,기혼,적극투자형,7546000
여,50대,10000만원이상,사무종사자,기혼,안정형,40965000
남,50대,3000만원미만,기타,기혼,안정추구형,2694000
남,50대,3000만원미만,서비스업,미혼,위험중립형,3139000
여,50대,1000만원미만,서비스업,미혼,위험중립형,479000
여,60대,3000만원미만,기타,미혼,안정추구형,1781000
남,50대,5000만원미만,서비스업,기혼,안정추구형,3374000
남,40대,5000만원미만,사무종사자,기혼,안정추구형,4304000
여,30대,10000만원미만,자영업,기혼,공격투자형,20157000
남,50대,3000만원미만,사무종사자,미혼,공격투자형,4459000
여,60대,3000만원미만,자영업,기혼,공격투자형,2116000
남,30대,10000만원미만,서비스업,미혼,위험중립형,14206000
남,60대,1000만원미만,전문직,미혼,안정추구형,956000
남,20대,10000만원미만,전문직,미혼,공격투자형,17280000
남,40대,3000만원미만,자영업,미혼,적극투자형,1776000
여,50대,3000만원미만,서비스업,기혼,공격투자형,3258000
여,60대,5000만원미만,서비스업,기혼,안정추구형,4412000
남,30대,10000만원미만,전문직,미혼,적극투자형,16264000
남,40대,10000만원미만,기타,미혼,적극투자형,12751000
여,30대,3000만원미만,자영업,기혼,안정추구형,2708000
여,20대,3000만원미만,자영업,기혼,안정추구형,956000
여,50대,5000만원미만,기타,미혼,안정형,4502000
여,30대,3000만원미만,서비스업,기혼,공격투자형,3775000
여,40대,5000만원미만,자영업,기혼,위험중립형,8023000
여,20대,10000만원미만,자영업,미혼,안정추구형,13614000
남,30대,3000만원미만,기타,기혼,적극투자형,2959000
여,60대,3000만원미만,전문직,기혼,적극투자형,2386000
남,50대,3000만원미만,기타,기혼,적극투자형,2308000
남,60대,5000만원미만,사무종사자,기혼,공격투자형,5634000
여,50대,3000만원미만,서비스업,기혼,안정형,1497000
남,40대,3000만원미만,자영업,기혼,적극투자형,4515000
여,60대,10000만원이상,기타,기혼,안정추구형,25340000
여,30대,10000만원미만,자영업,기혼,적극투자형,9444000
여,30대,3000만원미만,서비스업,미혼,위험중립형,2107000
여,30대,5000만원미만,서비스업,기혼,공격투자형,3245000
여,40대,10000만원이상,기타,기혼,적극투자형,46328000
남,40대,10000만원미만,자영업,기혼,안정추구형,24981000
여,30대,5000만원미만,자영업,기혼,위험중립형,4912000
여,30대,5000만원미만,전문직,기혼,위험중립형,5210000
여,30대,3000만원미만,기타,기혼,위험중립형,2713000
남,20대,5000만원미만,서비스업,기혼,안정형,3181000
남,60대,5000만원미만,자영업,기혼,안정형,6421000
여,40대,10000만원미만,전문직,기혼,위험중립형,16825000
여,60대,10000만원미만,자영업,미혼,공격투자형,19473000
남,30대,10000만원미만,사무종사자,기혼,위험중립형,25102000
여,20대,1000만원미만,전문직,기혼,안정형,602000
여,40대,10000만원이상,사무종사자,미혼,적극투자형,49256000
남,50대,10000만원미만,사무종사자,기혼,공격투자형,20549000
남,30대,10000만원미만,전문직,기혼,위험중립형,10110000
여,50대,3000만원미만,기타,기혼,안정형,3311000
남,40대,10000만원이상,자영업,미혼,안정추구형,26746000
남,30대,10000만원미만,서비스업,기혼,공격투자형,25879000
남,60대,3000만원미만,전문직,기혼,적극투자형,2244000
여,30대,1000만원미만,서비스업,기혼,위험중립형,918000
남,30대,3000만원미만,자영업,기혼,적극투자형,3815000
여,50대,5000만원미만,사무종사자,미혼,안정형,4714000
여,60대,10000만원미만,사무종사자,미혼,공격투자형,8548000
남,40대,3000만원미만,사무종사자,미혼,적극투자형,2562000
남,50대,1000만원미만,사무종사자,미혼,위험중립형,870000
남,40대,3000만원미만,사무종사자,미혼,안정형,3074000
남,60대,3000만원미만,사무종사자,미혼,공격투자형,1808000
여,40대,10000만원미만,자영업,미혼,안정형,10173000
여,30대,1000만원미만,자영업,미혼,안정추구형,493000
여,20대,3000만원미만,자영업,기혼,위험중립형,1504000
남,50대,5000만원미만,자영업,기혼,안정형,5190000
여,50대,5000만원미만,전문직,기혼,안정형,4863000
여,30대,1000만원미만,사무종사자,기혼,공격투자형,1156000
남,60대,3000만원미만,사무종사자,미혼,공격투자형,3572000
남,30대,10000만원미만,서비스업,기혼,위험중립형,29996000
여,30대,3000만원미만,자영업,기혼,안정형,1617000
남,60대,3000만원미만,전문직,기혼,위험중립형,3222000
남,30대,10000만원이상,기타,기혼,공격투자형,30886000
여,50대,3000만원미만,기타,기혼,적극투자형,2668000
여,50대,3000만원미만,전문직,기혼,적극투자형,4087000
여,30대,10000만원미만,서비스업,미혼,공격투자형,13458000
남,20대,5000만원미만,서비스업,기혼,안정추구형,5995000
여,60대,10000만원이상,자영업,기혼,안정형,31989000
남,40대,3000만원미만,전문직,기혼,적극투자형,2812000
여,50대,5000만원미만,자영업,기혼,공격투자형,2964000
여,30대,5000만원미만,사무종사자,미혼,공격투자형,6859000
남,20대,10000만원미만,서비스업,기혼,적극투자형,8419000
여,30대,5000만원미만,전문직,기혼,위험중립형,2529000
여,30대,10000만원미만,서비스업,미혼,안정형,26629000
남,20대,1000만원미만,전문직,기혼,공격투자형,1103000
남,50대,10000만원이상,사무종사자,기혼,공격투자형,52685000
남,30대,1000만원미만,전문직,기혼,공격투자형,704000
여,40대,3000만원미만,기타,미혼,안정추구형,2265000
여,30대,3000만원미만,서비스업,미혼,안정추구형,2628000
여,30대,10000만원미만,서비스업,미혼,안정형,10126000
남,20대,3000만원미만,전문직,기혼,안정형,1273000
여,60대,3000만원미만,서비스업,미혼,위험중립형,2364000
남,40대,10000만원미만,기타,기혼,공격투자형,20118000
여,40대,1000만원미만,자영업,기혼,안정추구형,784000
남,40대,3000만원미만,사무종사자,기혼,적극투자형,2671000
여,50대,3000만원미만,기타,기혼,안정추구형,2393000
남,50대,10000만원미만,기타,기혼,위험중립형,17588000
남,50대,10000만원이상,자영업,기혼,공격투자형,92550000
여,40대,5000만원미만,사무종사자,미혼,적극투자형,6190000
남,40대,10000만원미만,기타,기혼,안정형,10930000
여,40대,5000만원미만,사무종사자,기혼,위험중립형,3738000
남,30대,10000만원미만,서비스업,기혼,적극투자형,10168000
여,40대,1000만원미만,사무종사자,기혼,위험중립형,847000
여,40대,3000만원미만,사무종사자,미혼,적극투자형,1284000
남,40대,5000만원미만,자영업,미혼,안정추구형,5756000
남,60대,1000만원미만,사무종사자,기혼,공격투자형,1701000
여,60대,1000만원미만,사무종사자,미혼,위험중립형,633000
남,50대,5000만원미만,사무종사자,미혼,안정형,7098000
여,50대,10000만원이상,전문직,기혼,적극투자형,17074000
남,40대,3000만원미만,서비스업,미혼,안정추구형,3072000
여,50대,3000만원미만,전문직,기혼,공격투자형,3598000
남,60대,3000만원미만,자영업,기혼,안정형,1540000
여,20대,3000만원미만,전문직,기혼,안정추구형,1679000
남,30대,3000만원미만,사무종사자,기혼,안정추구형,2678000
여,60대,10000만원미만,자영업,미혼,공격투자형,16725000
여,20대,5000만원미만,사무종사자,미혼,안정추구형,4394000
여,40대,10000만원미만,서비스업,미혼,안정추구형,13395000
여,50대,3000만원미만,자영업,기혼,공격투자형,1727000
여,50대,10000만원이상,사무종사자,기혼,위험중립형,36842000
남,40대,3000만원미만,자영업,기혼,안정형,3150000
남,20대,5000만원미만,기타,미혼,적극투자형,4545000
남,20대,5000만원미만,기타,기혼,안정형,1773000
남,40대,10000만원미만,사무종사자,미혼,적극투자형,10493000
여,50대,10000만원미만,전문직,기혼,안정추구형,17473000
여,20대,5000만원미만,전문직,기혼,적극투자형,4855000
여,30대,10000만원미만,서비스업,기혼,위험중립형,12050000
남,30대,3000만원미만,전문직,미혼,위험중립형,1878000
남,40대,3000만원미만,기타,기혼,적극투자형,3095000
여,50대,3000만원미만,서비스업,미혼,안정형,2388000
남,40대,1000만원미만,서비스업,기혼,안정형,519000
여,30대,10000만원미만,사무종사자,기혼,안정추구형,11088000
여,60대,10000만원미만,기타,미혼,공격투자형,6623000
여,30대,10000만원미만,자영업,기혼,위험중립형,12338000
여,30대,3000만원미만,서비스업,기혼,안정추구형,3712000
남,60대,10000만원미만,기타,미혼,안정형,7133000
여,60대,1000만원미만,사무종사자,미혼,적극투자형,931000
남,30대,5000만원미만,자영업,기혼,안정추구형,8404000
여,30대,3000만원미만,기타,미혼,위험중립형,4088000
여,30대,10000만원이상,전문직,미혼,안정형,54630000
여,20대,3000만원미만,서비스업,기혼,위험중립형,5912000
여,20대,5000만원미만,서비스업,기혼,안정추구형,4742000
남,20대,10000만원미만,사무종사자,미혼,안정추구형,17990000
남,40대,10000만원미만,기타,미혼,공격투자형,9272000
여,30대,3000만원미만,서비스업,기혼,안정추구형,2411000
여,20대,10000만원이상,서비스업,미혼,공격투자형,53976000
여,40대,10000만원미만,전문직,기혼,안정형,21457000
남,30대,5000만원미만,자영업,미혼,안정형,6401000
남,40대,10000만원미만,기타,기혼,공격투자형,18691000
남,50대,10000만원미만,기타,미혼,공격투자형,12213000
여,40대,10000만원이상,서비스업,미혼,적극투자형,52802000
여,30대,5000만원미만,사무종사자,기혼,안정형,5339000
남,50대,3000만원미만,사무종사자,미혼,안정추구형,3295000
여,30대,3000만원미만,사무종사자,미혼,안정형,2272000
여,50대,5000만원미만,사무종사자,미혼,위험중립형,4831000
남,30대,1000만원미만,사무종사자,기혼,공격투자형,1041000
남,30대,1000만원미만,사무종사자,미혼,안정형,1340000
여,40대,5000만원미만,기타,미혼,공격투자형,5220000
남,30대,5000만원미만,서비스업,기혼,안정추구형,5369000
남,60대,10000만원미만,자영업,미혼,안정추구형,13664000
남,60대,1000만원미만,서비스업,미혼,안정추구형,602000
남,30대,5000만원미만,기타,미혼,공격투자형,6426000
남,40대,10000만원미만,사무종사자,기혼,위험중립형,15294000
여,40대,3000만원미만,사무종사자,기혼,공격투자형,2082000
여,30대,10000만원미만,사무종사자,미혼,위험중립형,16210000
여,40대,1000만원미만,전문직,기혼,안정추구형,1051000
남,40대,10000만원미만,자영업,미혼,적극투자형,14391000
여,30대,3000만원미만,사무종사자,기혼,안정형,1263000
남,40대,5000만원미만,자영업,미혼,위험중립형,4214000
남,50대,3000만원미만,자영업,미혼,안정추구형,2088000
여,50대,10000만원미만,전문직,기혼,위험중립형,10166000
여,40대,1000만원미만,전문직,미혼,안정추구형,1079000
여,30대,5000만원미만,전문직,미혼,공격투자형,9403000
남,20대,3000만원미만,자영업,기혼,안정형,2195000
남,60대,3000만원미만,기타,미혼,적극투자형,2398000
남,30대,5000만원미만,서비스업,기혼,공격투자형,2872000
여,40대,10000만원미만,기타,기혼,위험중립형,16167000
여,20대,5000만원미만,서비스업,미혼,공격투자형,9018000
여,20대,1000만원미만,사무종사자,기혼,안정형,515000
여,50대,10000만원미만,기타,미혼,안정추구형,11791000
남,60대,5000만원미만,전문직,미혼,위험중립형,3462000
여,40대,10000만원이상,사무종사자,기혼,위험중립형,41130000
여,40대,1000만원미만,전문직,기혼,안정추구형,969000
여,60대,10000만원미만,사무종사자,미혼,공격투자형,14678000
남,20대,3000만원미만,자영업,기혼,안정추구형,1722000
남,30대,5000만원미만,기타,기혼,적극투자형,2833000
여,40대,3000만원미만,사무종사자,기혼,적극투자형,1728000
남,60대,1000만원미만,전문직,미혼,위험중립형,1026000
남,20대,1000만원미만,자영업,미혼,적극투자형,942000
여,40대,3000만원미만,기타,기혼,적극투자형,1921000
여,20대,10000만원이상,기타,미혼,적극투자형,57943000
남,20대,5000만원미만,기타,기혼,위험중립형,7721000
남,40대,10000만원미만,서비스업,미혼,위험중립형,14538000
여,50대,3000만원미만,서비스업,기혼,적극투자형,2451000
여,30대,3000만원미만,기타,미혼,적극투자형,1903000
여,20대,5000만원미만,기타,미혼,적극투자형,5174000
남,30대,10000만원미만,전문직,미혼,위험중립형,17089000
남,50대,3000만원미만,기타,기혼,공격투자형,2883000
여,60대,3000만원미만,기타,기혼,위험중립형,3689000
여,60대,3000만원미만,자영업,미혼,위험중립형,1173000
남,40대,3000만원미만,서비스업,기혼,위험중립형,2903000
남,40대,10000만원미만,서비스업,미혼,안정추구형,9866000
남,20대,5000만원미만,서비스업,기혼,공격투자형,7832000
남,30대,5000만원미만,기타,미혼,적극투자형,5232000
여,50대,5000만원미만,기타,미혼,적극투자형,6965000
남,60대,10000만원미만,사무종사자,기혼,위험중립형,13740000
남,40대,10000만원미만,자영업,미혼,적극투자형,13779000
여,40대,1000만원미만,자영업,기혼,안정형,427000
여,60대,5000만원미만,자영업,기혼,공격투자형,8841000
남,30대,10000만원이상,자영업,기혼,안정추구형,32962000
여,30대,10000만원미만,자영업,미혼,공격투자형,25687000
남,20대,1000만원미만,서비스업,기혼,위험중립형,526000
남,40대,10000만원이상,서비스업,미혼,안정추구형,37369000
여,20대,5000만원미만,자영업,기혼,안정추구형,6860000
여,30대,10000만원미만,서비스업,기혼,공격투자형,10346000
여,40대,1000만원미만,자영업,미혼,위험중립형,598000
남,30대,3000만원미만,자영업,기혼,안정추구형,2582000
남,50대,3000만원미만,전문직,기혼,공격투자형,2763000
남,30대,5000만원미만,전문직,미혼,위험중립형,5715000
남,40대,5000만원미만,기타,기혼,공격투자형,5141000
남,40대,3000만원미만,기타,기혼,공격투자형,2567000
남,20대,10000만원미만,서비스업,미혼,적극투자형,9555000
남,60대,10000만원미만,전문직,기혼,안정추구형,14846000
여,30대,10000만원미만,기타,기혼,공격투자형,18126000
여,50대,1000만원미만,사무종사자,미혼,위험중립형,1282000
남,30대,5000만원미만,서비스업,기혼,위험중립형,5807000
남,20대,10000만원미만,서비스업,미혼,적극투자형,8543000
여,30대,10000만원이상,자영업,기혼,적극투자형,79442000
여,20대,10000만원이상,사무종사자,기혼,적극투자형,32566000
여,40대,3000만원미만,기타,기혼,안정형,2295000
남,60대,1000만원미만,전문직,미혼,공격투자형,684000
남,40대,3000만원미만,기타,기혼,적극투자형,2058000
남,30대,3000만원미만,자영업,기혼,적극투자형,2754000
남,50대,5000만원미만,사무종사자,미혼,적극투자형,8476000
여,30대,3000만원미만,전문직,기혼,안정형,1737000
여,20대,10000만원미만,자영업,기혼,안정추구형,14254000
남,40대,3000만원미만,자영업,기혼,위험중립형,1335000
여,60대,5000만원미만,전문직,미혼,공격투자형,5814000
여,30대,3000만원미만,서비스업,미혼,공격투자형,2560000
남,60대,3000만원미만,기타,미혼,안정형,1811000
남,30대,10000만원미만,사무종사자,기혼,위험중립형,19634000
남,50대,5000만원미만,서비스업,기혼,적극투자형,12682000
여,30대,10000만원미만,자영업,미혼,안정형,16012000
남,20대,5000만원미만,서비스업,기혼,위험중립형,5173000
여,60대,5000만원미만,사무종사자,미혼,안정형,6286000
여,50대,1000만원미만,자영업,기혼,위험중립형,509000
남,30대,3000만원미만,자영업,기혼,공격투자형,2554000
여,30대,10000만원이상,기타,기혼,적극투자형,97552000
여,30대,5000만원미만,전문직,미혼,안정추구형,7366000
남,50대,10000만원미만,서비스업,기혼,위험중립형,33522000
여,40대,3000만원미만,서비스업,기혼,안정추구형,2069000
여,60대,10000만원미만,자영업,미혼,공격투자형,12960000
남,30대,1000만원미만,사무종사자,기혼,위험중립형,530000
여,30대,1000만원미만,사무종사자,기혼,적극투자형,1130000
남,30대,1000만원미만,서비스업,기혼,안정형,444000
남,50대,3000만원미만,기타,기혼,공격투자형,2836000
남,40대,10000만원미만,전문직,기혼,위험중립형,10338000
여,30대,1000만원미만,기타,기혼,안정형,842000
남,40대,10000만원이상,사무종사자,기혼,안정추구형,49651000
남,30대,3000만원미만,전문직,기혼,안정형,1652000
여,60대,10000만원미만,사무종사자,기혼,안정형,20542000
여,40대,3000만원미만,자영업,기혼,공격투자형,3108000
여,30대,10000만원미만,서비스업,미혼,안정추구형,15826000
여,30대,10000만원미만,서비스업,기혼,공격투자형,12953000
남,60대,3000만원미만,서비스업,기혼,안정형,2527000
남,60대,3000만원미만,사무종사자,기혼,안정형,2217000
여,20대,3000만원미만,사무종사자,미혼,적극투자형,2875000
남,20대,10000만원이상,서비스업,기혼,적극투자형,53380000
남,40대,3000만원미만,자영업,기혼,안정형,1523000
여,40대,3000만원미만,서비스업,미혼,공격투자형,2755000
여,50대,3000만원미만,기타,미혼,공격투자형,1734000
여,30대,5000만원미만,서비스업,기혼,공격투자형,5129000
남,30대,10000만원미만,자영업,기혼,공격투자형,14763000
여,40대,5000만원미만,자영업,기혼,공격투자형,3229000
남,60대,10000만원이상,서비스업,기혼,적극투자형,59427000
남,40대,5000만원미만,전문직,미혼,공격투자형,7413000
남,30대,10000만원미만,사무종사자,기혼,적극투자형,24534000
남,40대,5000만원미만,자영업,미혼,안정형,8389000
여,40대,3000만원미만,전문직,기혼,안정형,3312000
여,50대,3000만원미만,서비스업,기혼,위험중립형,2318000
여,40대,5000만원미만,자영업,미혼,위험중립형,9312000
여,30대,5000만원미만,전문직,미혼,위험중립형,7190000
남,30대,1000만원미만,기타,미혼,위험중립형,783000
남,20대,1000만원미만,기타,미혼,공격투자형,971000
남,30대,5000만원미만,서비스업,기혼,적극투자형,3645000
여,60대,10000만원이상,기타,미혼,위험중립형,27243000
여,30대,10000만원미만,전문직,기혼,적극투자형,14679000
남,40대,3000만원미만,기타,미혼,적극투자형,3398000
남,30대,5000만원미만,서비스업,기혼,위험중립형,4626000
남,40대,1000만원미만,사무종사자,기혼,공격투자형,488000
남,50대,5000만원미만,전문직,기혼,적극투자형,4832000
남,60대,5000만원미만,자영업,미혼,안정추구형,5576000
남,40대,10000만원미만,전문직,미혼,안정형,6876000
여,60대,10000만원미만,기타,기혼,안정형,14346000
남,30대,10000만원미만,사무종사자,기혼,적극투자형,10688000
남,50대,5000만원미만,자영업,기혼,공격투자형,8677000
여,20대,10000만원미만,전문직,기혼,적극투자형,21033000
여,30대,10000만원미만,서비스업,기혼,안정형,13749000
여,30대,10000만원미만,전문직,미혼,안정형,9960000
여,40대,3000만원미만,사무종사자,기혼,안정형,3820000
여,50대,3000만원미만,전문직,기혼,적극투자형,1619000
남,60대,5000만원미만,서비스업,미혼,안정추구형,3937000
여,50대,10000만원이상,전문직,기혼,안정형,30158000
남,50대,5000만원미만,기타,미혼,위험중립형,4008000
남,30대,10000만원이상,전문직,미혼,안정형,34679000
남,30대,1000만원미만,사무종사자,미혼,안정추구형,569000
남,30대,3000만원미만,사무종사자,기혼,공격투자형,3660000
여,30대,1000만원미만,사무종사자,미혼,안정추구형,424000
남,30대,10000만원미만,서비스업,기혼,적극투자형,10044000
남,50대,10000만원미만,사무종사자,미혼,적극투자형,25412000
남,30대,3000만원미만,서비스업,기혼,안정형,1238000
여,20대,5000만원미만,기타,미혼,위험중립형,2568000
여,60대,10000만원미만,사무종사자,미혼,적극투자형,20048000
여,20대,1000만원미만,서비스업,기혼,위험중립형,634000
여,40대,1000만원미만,기타,기혼,안정추구형,354000
남,40대,3000만원미만,전문직,기혼,적극투자형,4508000
여,50대,10000만원미만,서비스업,미혼,안정추구형,9652000
남,30대,10000만원미만,전문직,미혼,안정추구형,7548000
남,40대,5000만원미만,사무종사자,미혼,안정추구형,8042000
남,50대,10000만원미만,전문직,미혼,안정추구형,19001000
여,30대,5000만원미만,서비스업,기혼,공격투자형,3731000
여,40대,5000만원미만,자영업,기혼,공격투자형,6146000
여,40대,1000만원미만,전문직,기혼,안정추구형,540000
여,30대,10000만원미만,서비스업,미혼,위험중립형,9856000
여,40대,3000만원미만,서비스업,미혼,안정추구형,1622000
남,50대,1000만원미만,기타,미혼,적극투자형,1510000
남,30대,10000만원미만,사무종사자,기혼,안정추구형,11477000
여,50대,1000만원미만,전문직,미혼,적극투자형,1102000
여,20대,3000만원미만,사무종사자,미혼,안정추구형,2217000
여,30대,3000만원미만,전문직,기혼,안정추구형,3852000
여,50대,10000만원미만,사무종사자,기혼,위험중립형,20768000
여,60대,1000만원미만,사무종사자,기혼,위험중립형,649000
여,20대,10000만원미만,기타,미혼,적극투자형,8701000
남,50대,10000만원미만,기타,미혼,안정추구형,14370000
남,50대,1000만원미만,사무종사자,기혼,공격투자형,1140000
여,30대,10000만원미만,전문직,기혼,적극투자형,13903000
여,40대,1000만원미만,전문직,기혼,위험중립형,694000
여,20대,1000만원미만,서비스업,미혼,적극투자형,644000
여,30대,5000만원미만,기타,미혼,안정형,4355000
남,60대,3000만원미만,자영업,기혼,위험중립형,6542000
남,40대,3000만원미만,사무종사자,기혼,위험중립형,1856000
여,50대,1000만원미만,기타,미혼,위험중립형,508000
남,40대,10000만원미만,기타,미혼,적극투자형,16992000
남,40대,5000만원미만,자영업,기혼,공격투자형,6370000
여,60대,10000만원이상,전문직,기혼,위험중립형,24274000
남,40대,1000만원미만,자영업,기혼,안정형,583000
여,40대,3000만원미만,서비스업,미혼,적극투자형,2187000
남,30대,5000만원미만,기타,기혼,안정형,8942000
여,50대,5000만원미만,기타,미혼,안정추구형,6131000
여,30대,5000만원미만,기타,기혼,안정추구형,6417000
남,40대,3000만원미만,사무종사자,기혼,위험중립형,1384000
남,30대,1000만원미만,전문직,기혼,공격투자형,982000
남,40대,3000만원미만,사무종사자,기혼,안정형,2708000
여,20대,10000만원미만,서비스업,미혼,안정형,17745000
여,60대,3000만원미만,사무종사자,미혼,적극투자형,1863000
여,30대,5000만원미만,사무종사자,미혼,안정추구형,9673000
남,60대,10000만원이상,사무종사자,미혼,공격투자형,45019000
남,30대,5000만원미만,서비스업,기혼,적극투자형,2834000
남,40대,3000만원미만,서비스업,기혼,위험중립형,2093000
여,60대,10000만원미만,사무종사자,미혼,위험중립형,10332000
남,30대,3000만원미만,기타,미혼,안정형,3027000
여,40대,10000만원이상,전문직,기혼,안정형,39201000
여,40대,10000만원미만,서비스업,기혼,위험중립형,15369000
여,60대,3000만원미만,전문직,기혼,안정추구형,1901000
남,30대,5000만원미만,기타,기혼,공격투자형,4790000
여,50대,1000만원미만,기타,미혼,위험중립형,831000
남,50대,1000만원미만,전문직,미혼,위험중립형,651000
여,60대,3000만원미만,사무종사자,기혼,공격투자형,4387000
남,40대,3000만원미만,서비스업,미혼,위험중립형,1792000
남,30대,5000만원미만,전문직,미혼,안정형,4493000
남,20대,3000만원미만,자영업,기혼,위험중립형,2972000
여,60대,5000만원미만,사무종사자,기혼,안정추구형,5722000
여,60대,10000만원미만,사무종사자,기혼,위험중립형,16894000
남,40대,1000만원미만,기타,미혼,공격투자형,2012000
여,30대,3000만원미만,서비스업,기혼,안정형,2271000
여,50대,5000만원미만,전문직,기혼,적극투자형,5856000
남,40대,10000만원미만,자영업,미혼,공격투자형,24294000
남,30대,3000만원미만,사무종사자,미혼,공격투자형,1899000
여,60대,10000만원이상,전문직,기혼,공격투자형,50564000
여,40대,5000만원미만,사무종사자,기혼,안정추구형,11852000
여,30대,1000만원미만,서비스업,기혼,안정형,412000
여,20대,3000만원미만,서비스업,미혼,안정형,1568000
남,60대,10000만원미만,서비스업,기혼,적극투자형,16890000
남,40대,3000만원미만,자영업,기혼,위험중립형,3464000
남,20대,3000만원미만,사무종사자,기혼,위험중립형,1955000
남,40대,3000만원미만,사무종사자,미혼,위험중립형,1759000
여,60대,10000만원미만,서비스업,기혼,위험중립형,13354000
여,40대,5000만원미만,서비스업,미혼,안정형,5587000
남,20대,10000만원이상,사무종사자,미혼,공격투자형,70677000
여,40대,1000만원미만,전문직,미혼,공격투자형,419000
남,60대,5000만원미만,전문직,기혼,위험중립형,3346000
남,60대,3000만원미만,기타,미혼,적극투자형,3791000
남,20대,5000만원미만,사무종사자,기혼,위험중립형,6344000
여,30대,10000만원미만,자영업,기혼,공격투자형,22333000
여,40대,5000만원미만,전문직,기혼,적극투자형,4776000
남,30대,10000만원미만,서비스업,미혼,적극투자형,19589000
남,50대,1000만원미만,서비스업,기혼,안정추구형,1591000
여,60대,10000만원미만,기타,기혼,안정추구형,20334000
남,60대,1000만원미만,서비스업,기혼,공격투자형,1044000
여,40대,5000만원미만,서비스업,기혼,안정형,5319000
여,30대,5000만원미만,서비스업,미혼,적극투자형,6300000
남,40대,1000만원미만,자영업,기혼,적극투자형,647000
여,30대,10000만원이상,서비스업,미혼,적극투자형,31838000
남,40대,5000만원미만,사무종사자,미혼,적극투자형,6457000
남,50대,10000만원이상,자영업,기혼,공격투자형,51142000
남,50대,10000만원미만,기타,기혼,적극투자형,13644000
여,30대,3000만원미만,자영업,미혼,공격투자형,2148000
여,50대,5000만원미만,서비스업,기혼,안정형,7068000
남,50대,3000만원미만,서비스업,기혼,안정추구형,4281000
남,40대,10000만원미만,자영업,기혼,안정추구형,7166000
남,30대,3000만원미만,자영업,기혼,안정추구형,2502000
여,40대,5000만원미만,자영업,미혼,적극투자형,8157000
남,50대,5000만원미만,사무종사자,기혼,위험중립형,5505000
남,60대,5000만원미만,전문직,기혼,안정형,3697000
남,20대,10000만원미만,자영업,기혼,공격투자형,21113000
여,60대,3000만원미만,서비스업,기혼,위험중립형,3860000
여,60대,5000만원미만,서비스업,미혼,안정추구형,5557000
여,40대,1000만원미만,자영업,미혼,안정추구형,369000
여,20대,10000만원미만,사무종사자,미혼,안정추구형,15784000
남,20대,3000만원미만,서비스업,기혼,적극투자형,2741000
여,50대,10000만원미만,전문직,미혼,공격투자형,23242000
여,40대,1000만원미만,서비스업,미혼,안정형,688000
남,40대,5000만원미만,자영업,기혼,위험중립형,6274000
남,50대,10000만원미만,기타,미혼,안정추구형,10542000
남,30대,10000만원미만,자영업,기혼,공격투자형,10232000
여,30대,5000만원미만,전문직,미혼,안정추구형,4974000
여,50대,3000만원미만,사무종사자,기혼,적극투자형,2224000
여,50대,5000만원미만,사무종사자,기혼,안정추구형,5719000
남,60대,10000만원미만,서비스업,미혼,위험중립형,26924000
여,60대,1000만원미만,서비스업,기혼,공격투자형,592000
남,50대,3000만원미만,자영업,기혼,공격투자형,3214000
남,60대,3000만원미만,사무종사자,기혼,안정형,2255000
여,20대,10000만원미만,서비스업,미혼,공격투자형,10124000
남,60대,3000만원미만,자영업,기혼,안정추구형,2389000
여,20대,3000만원미만,전문직,기혼,공격투자형,1292000
여,50대,5000만원미만,자영업,미혼,위험중립형,5301000
남,40대,3000만원미만,자영업,기혼,안정추구형,3773000
여,40대,10000만원이상,자영업,기혼,적극투자형,53098000
여,50대,5000만원미만,서비스업,기혼,적극투자형,14724000
남,50대,5000만원미만,서비스업,미혼,위험중립형,6661000
남,20대,10000만원미만,자영업,미혼,적극투자형,17779000
남,50대,5000만원미만,기타,미혼,안정형,11787000
여,30대,5000만원미만,서비스업,미혼,적극투자형,5450000
여,50대,10000만원미만,서비스업,기혼,적극투자형,17477000
여,40대,10000만원미만,기타,미혼,위험중립형,12445000
여,40대,5000만원미만,사무종사자,미혼,공격투자형,11257000
여,40대,3000만원미만,기타,기혼,적극투자형,3618000
남,20대,5000만원미만,전문직,기혼,안정형,4340000
여,60대,10000만원이상,기타,미혼,안정형,45779000
여,30대,3000만원미만,서비스업,기혼,적극투자형,1591000
여,30대,10000만원미만,서비스업,미혼,위험중립형,15674000
여,40대,5000만원미만,사무종사자,기혼,적극투자형,8009000
여,30대,3000만원미만,자영업,기혼,안정추구형,2340000
남,60대,5000만원미만,사무종사자,미혼,안정형,5239000
여,60대,3000만원미만,전문직,기혼,적극투자형,1787000
남,50대,3000만원미만,기타,기혼,공격투자형,1743000
남,40대,3000만원미만,사무종사자,미혼,안정형,1772000
여,30대,3000만원미만,전문직,기혼,안정추구형,2879000
여,30대,10000만원미만,기타,기혼,안정추구형,13938000
남,20대,5000만원미만,기타,기혼,안정추구형,6288000
남,20대,3000만원미만,기타,미혼,안정추구형,1508000
남,50대,1000만원미만,자영업,기혼,위험중립형,780000
남,30대,3000만원미만,전문직,미혼,안정추구형,3775000
남,20대,10000만원미만,전문직,미혼,공격투자형,15465000
여,40대,10000만원미만,전문직,기혼,적극투자형,15014000
남,40대,10000만원미만,서비스업,기혼,안정추구형,13713000
여,40대,10000만원이상,자영업,기혼,위험중립형,50089000
여,40대,10000만원미만,전문직,기혼,안정형,11142000
남,20대,5000만원미만,자영업,미혼,안정추구형,6142000
남,40대,10000만원미만,전문직,기혼,공격투자형,15887000
남,20대,3000만원미만,자영업,미혼,위험중립형,1821000
남,40대,10000만원이상,기타,미혼,공격투자형,28618000
여,30대,1000만원미만,기타,기혼,안정추구형,511000
남,60대,10000만원미만,자영업,미혼,안정추구형,9672000
남,30대,1000만원미만,전문직,기혼,공격투자형,842000
여,50대,3000만원미만,자영업,기혼,안정추구형,1454000
남,20대,5000만원미만,전문직,미혼,적극투자형,6818000
남,60대,3000만원미만,전문직,기혼,안정추구형,1916000
여,30대,3000만원미만,서비스업,미혼,적극투자형,2496000
남,60대,5000만원미만,전문직,미혼,적극투자형,5251000
남,60대,3000만원미만,사무종사자,기혼,적극투자형,3068000
남,30대,3000만원미만,전문직,미혼,안정추구형,2933000
여,20대,3000만원미만,기타,기혼,위험중립형,1920000
여,30대,1000만원미만,서비스업,기혼,공격투자형,806000
여,30대,5000만원미만,기타,기혼,공격투자형,5476000
남,30대,3000만원미만,사무종사자,기혼,위험중립형,2463000
남,60대,5000만원미만,사무종사자,기혼,공격투자형,13737000
여,40대,10000만원미만,기타,기혼,공격투자형,13697000
여,50대,3000만원미만,자영업,기혼,위험중립형,1111000
남,40대,3000만원미만,사무종사자,미혼,안정추구형,2608000
남,40대,10000만원미만,기타,미혼,안정추구형,15833000
남,20대,3000만원미만,사무종사자,기혼,안정추구형,1879000
여,40대,10000만원이상,자영업,기혼,공격투자형,38034000
남,60대,3000만원미만,서비스업,기혼,공격투자형,4275000
남,40대,3000만원미만,기타,기혼,공격투자형,3492000
남,60대,10000만원미만,자영업,기혼,안정추구형,15103000
남,40대,5000만원미만,사무종사자,기혼,안정형,4529000
여,40대,3000만원미만,사무종사자,기혼,공격투자형,1747000
남,20대,10000만원이상,사무종사자,기혼,적극투자형,19700000
남,50대,3000만원미만,서비스업,기혼,위험중립형,2075000
여,50대,1000만원미만,사무종사자,미혼,위험중립형,1026000
남,50대,10000만원미만,서비스업,미혼,안정추구형,11055000
남,60대,3000만원미만,서비스업,미혼,안정형,1681000
여,40대,10000만원이상,사무종사자,미혼,안정형,33107000
여,60대,5000만원미만,서비스업,기혼,위험중립형,8922000
남,30대,10000만원미만,기타,기혼,공격투자형,14838000
여,50대,3000만원미만,사무종사자,기혼,적극투자형,2743000
남,40대,1000만원미만,기타,기혼,위험중립형,798000
남,60대,10000만원미만,전문직,미혼,위험중립형,8023000
여,40대,1000만원미만,서비스업,기혼,안정추구형,431000
남,40대,10000만원미만,자영업,기혼,안정형,11117000
남,30대,1000만원미만,자영업,기혼,안정추구형,563000
남,30대,10000만원이상,서비스업,기혼,적극투자형,26391000
여,60대,10000만원미만,전문직,미혼,적극투자형,11323000
남,50대,5000만원미만,서비스업,기혼,안정추구형,5063000
여,40대,1000만원미만,자영업,미혼,안정추구형,1221000
여,60대,3000만원미만,사무종사자,미혼,위험중립형,1953000
남,50대,10000만원미만,기타,기혼,적극투자형,11461000
남,20대,10000만원미만,사무종사자,미혼,적극투자형,25772000
여,20대,1000만원미만,기타,미혼,안정추구형,470000
남,20대,10000만원이상,자영업,미혼,공격투자형,51405000
남,60대,5000만원미만,사무종사자,기혼,적극투자형,4651000
여,60대,5000만원미만,사무종사자,미혼,적극투자형,8654000
여,60대,3000만원미만,전문직,미혼,안정형,3177000
남,20대,3000만원미만,자영업,미혼,안정추구형,1881000
남,50대,3000만원미만,자영업,기혼,안정추구형,2035000
남,30대,10000만원미만,사무종사자,기혼,적극투자형,26417000
남,20대,10000만원이상,자영업,미혼,안정형,35614000
여,30대,10000만원미만,서비스업,기혼,안정형,9889000
여,20대,10000만원이상,전문직,기혼,안정형,34412000
여,30대,10000만원미만,사무종사자,미혼,안정형,21128000
남,30대,10000만원미만,전문직,기혼,적극투자형,8873000
여,40대,3000만원미만,서비스업,미혼,위험중립형,3313000
남,30대,3000만원미만,전문직,미혼,안정추구형,2959000
남,40대,10000만원이상,사무종사자,미혼,적극투자형,55376000
남,20대,3000만원미만,서비스업,기혼,공격투자형,3076000
여,50대,10000만원미만,기타,미혼,안정형,10245000
여,50대,1000만원미만,기타,미혼,적극투자형,571000
남,20대,3000만원미만,자영업,기혼,안정형,2393000
여,60대,1000만원미만,기타,미혼,공격투자형,437000
남,20대,5000만원미만,서비스업,기혼,위험중립형,6434000
남,20대,5000만원미만,사무종사자,기혼,위험중립형,6103000
여,40대,10000만원미만,사무종사자,기혼,안정추구형,11973000
여,60대,10000만원미만,서비스업,미혼,안정형,7675000
여,30대,3000만원미만,서비스업,미혼,안정추구형,1540000
남,40대,10000만원이상,사무종사자,기혼,안정형,42828000
남,30대,10000만원미만,사무종사자,기혼,안정형,15300000
남,60대,10000만원미만,사무종사자,기혼,적극투자형,22890000
여,30대,1000만원미만,전문직,기혼,안정형,909000
남,30대,10000만원미만,서비스업,미혼,위험중립형,19532000
남,40대,5000만원미만,기타,미혼,안정형,3585000
여,30대,3000만원미만,사무종사자,기혼,적극투자형,6713000
남,30대,5000만원미만,자영업,기혼,안정추구형,4661000
여,20대,5000만원미만,전문직,미혼,위험중립형,8183000
여,40대,10000만원미만,사무종사자,기혼,공격투자형,14467000
여,50대,5000만원미만,기타,기혼,위험중립형,4200000
남,40대,5000만원미만,자영업,미혼,적극투자형,7412000
여,60대,5000만원미만,전문직,기혼,적극투자형,4600000
여,30대,3000만원미만,자영업,기혼,안정추구형,2036000
여,50대,3000만원미만,서비스업,기혼,공격투자형,2597000
남,40대,1000만원미만,기타,기혼,위험중립형,691000
여,40대,1000만원미만,자영업,기혼,위험중립형,723000
여,30대,10000만원이상,자영업,기혼,공격투자형,24153000
남,50대,10000만원미만,자영업,미혼,적극투자형,13423000
여,50대,10000만원미만,사무종사자,미혼,안정형,9344000
남,60대,10000만원미만,기타,미혼,적극투자형,18397000
남,50대,10000만원이상,사무종사자,기혼,안정형,39167000
남,30대,10000만원이상,전문직,기혼,안정추구형,45770000
남,20대,1000만원미만,사무종사자,기혼,공격투자형,1137000
여,40대,3000만원미만,서비스업,미혼,위험중립형,1568000
남,60대,5000만원미만,자영업,기혼,적극투자형,7058000
여,20대,10000만원미만,전문직,기혼,안정형,9457000
남,30대,1000만원미만,사무종사자,기혼,위험중립형,1079000
남,20대,3000만원미만,서비스업,기혼,안정추구형,2531000
남,30대,10000만원미만,기타,기혼,안정추구형,22589000
여,20대,10000만원미만,서비스업,기혼,공격투자형,11553000
여,30대,3000만원미만,전문직,기혼,공격투자형,2082000
남,30대,5000만원미만,기타,기혼,위험중립형,4280000
여,20대,3000만원미만,사무종사자,기혼,안정형,1756000
남,20대,1000만원미만,자영업,미혼,안정추구형,977000
남,50대,3000만원미만,기타,미혼,적극투자형,2781000
남,30대,3000만원미만,전문직,미혼,적극투자형,2229000
남,30대,3000만원미만,전문직,미혼,위험중립형,2624000
여,60대,5000만원미만,서비스업,기혼,안정형,3713000
여,40대,3000만원미만,서비스업,미혼,위험중립형,1584000
남,60대,3000만원미만,기타,기혼,안정형,1025000
여,50대,1000만원미만,전문직,미혼,위험중립형,680000
남,30대,10000만원미만,기타,기혼,안정형,39398000
남,40대,5000만원미만,전문직,기혼,안정형,4112000
남,40대,10000만원이상,기타,기혼,공격투자형,42958000
여,40대,10000만원미만,자영업,기혼,안정형,10572000
여,50대,5000만원미만,사무종사자,미혼,안정형,6088000
여,20대,5000만원미만,기타,기혼,적극투자형,4443000
남,60대,5000만원미만,전문직,기혼,위험중립형,5234000
여,20대,3000만원미만,자영업,미혼,공격투자형,3100000
여,50대,10000만원이상,전문직,미혼,안정추구형,35765000
여,50대,5000만원미만,자영업,미혼,공격투자형,10473000
여,20대,5000만원미만,기타,기혼,공격투자형,5506000
남,60대,10000만원미만,서비스업,기혼,공격투자형,15060000
남,50대,10000만원미만,전문직,미혼,안정형,11059000
남,40대,10000만원미만,서비스업,미혼,안정형,9903000
남,50대,5000만원미만,사무종사자,미혼,위험중립형,5814000
여,30대,5000만원미만,사무종사자,기혼,안정추구형,6020000
여,40대,3000만원미만,서비스업,기혼,안정형,2810000
남,40대,1000만원미만,전문직,미혼,적극투자형,1116000
남,50대,5000만원미만,서비스업,기혼,안정형,6112000
여,40대,5000만원미만,서비스업,미혼,안정형,2233000
여,30대,1000만원미만,사무종사자,기혼,안정추구형,750000
남,50대,10000만원미만,서비스업,기혼,공격투자형,13513000
남,50대,1000만원미만,서비스업,기혼,위험중립형,566000
여,30대,3000만원미만,기타,기혼,공격투자형,4836000
여,40대,10000만원이상,사무종사자,기혼,공격투자형,55541000
여,30대,3000만원미만,기타,기혼,공격투자형,2375000
남,60대,10000만원미만,자영업,미혼,안정형,18690000
남,20대,3000만원미만,서비스업,기혼,안정추구형,5603000
남,40대,5000만원미만,사무종사자,기혼,공격투자형,6223000
남,50대,5000만원미만,자영업,미혼,위험중립형,11489000
남,50대,3000만원미만,사무종사자,미혼,안정형,3215000
여,40대,10000만원미만,기타,기혼,안정추구형,14005000
여,40대,5000만원미만,서비스업,미혼,공격투자형,10232000
남,50대,3000만원미만,서비스업,미혼,적극투자형,2663000
남,50대,3000만원미만,서비스업,기혼,공격투자형,2527000
여,40대,5000만원미만,전문직,미혼,공격투자형,3314000
남,40대,10000만원미만,서비스업,미혼,공격투자형,11992000
여,60대,5000만원미만,기타,기혼,공격투자형,4771000
여,60대,3000만원미만,사무종사자,기혼,위험중립형,3002000
남,20대,3000만원미만,사무종사자,미혼,안정형,2437000
남,30대,10000만원미만,사무종사자,기혼,위험중립형,9796000
여,40대,5000만원미만,서비스업,미혼,안정형,2989000
여,30대,10000만원이상,기타,기혼,안정추구형,24297000
남,50대,5000만원미만,사무종사자,기혼,안정형,6781000
남,20대,10000만원미만,전문직,미혼,위험중립형,6545000
여,20대,1000만원미만,자영업,미혼,공격투자형,1543000
남,40대,10000만원미만,자영업,기혼,안정추구형,21084000
남,30대,1000만원미만,사무종사자,미혼,적극투자형,809000
여,20대,5000만원미만,사무종사자,미혼,적극투자형,6296000
여,50대,10000만원이상,기타,기혼,적극투자형,45067000
여,60대,3000만원미만,자영업,기혼,공격투자형,2005000
여,30대,5000만원미만,기타,미혼,안정형,4161000
남,60대,3000만원미만,전문직,기혼,안정형,3478000
여,30대,3000만원미만,서비스업,기혼,적극투자형,2088000
남,30대,10000만원이상,기타,미혼,안정형,51601000
여,50대,10000만원미만,서비스업,기혼,공격투자형,10580000
남,40대,1000만원미만,서비스업,기혼,적극투자형,794000
여,60대,5000만원미만,자영업,미혼,안정추구형,3977000
여,40대,10000만원이상,기타,기혼,안정추구형,27369000
남,20대,3000만원미만,사무종사자,미혼,적극투자형,3867000
여,20대,1000만원미만,기타,미혼,안정형,353000
여,20대,5000만원미만,서비스업,미혼,적극투자형,8147000
남,50대,1000만원미만,자영업,기혼,적극투자형,1114000
여,20대,3000만원미만,전문직,기혼,안정형,2532000
여,50대,10000만원이상,기타,미혼,안정형,62922000
남,40대,10000만원미만,전문직,기혼,적극투자형,13756000
남,30대,10000만원이상,자영업,기혼,위험중립형,45965000
여,40대,3000만원미만,사무종사자,기혼,안정형,2283000
여,50대,3000만원미만,서비스업,기혼,위험중립형,2313000
남,30대,5000만원미만,사무종사자,미혼,안정추구형,5681000
여,60대,3000만원미만,기타,기혼,공격투자형,2550000
남,30대,3000만원미만,전문직,미혼,적극투자형,3176000
여,20대,10000만원미만,자영업,미혼,공격투자형,16243000
남,40대,5000만원미만,자영업,미혼,안정추구형,10956000
남,50대,5000만원미만,전문직,기혼,적극투자형,3725000
남,40대,3000만원미만,자영업,기혼,적극투자형,5552000
남,40대,5000만원미만,자영업,기혼,안정형,6372000
남,40대,5000만원미만,전문직,기혼,안정형,4921000
남,30대,10000만원미만,서비스업,미혼,위험중립형,14997000
남,50대,3000만원미만,자영업,기혼,위험중립형,2969000
여,60대,3000만원미만,전문직,기혼,적극투자형,4768000
남,30대,10000만원미만,자영업,기혼,적극투자형,11255000
남,60대,3000만원미만,자영업,기혼,안정형,1654000
남,40대,1000만원미만,전문직,기혼,안정형,1200000
남,30대,10000만원이상,전문직,기혼,안정추구형,32738000
남,50대,10000만원미만,기타,기혼,안정형,17207000
남,60대,10000만원미만,전문직,미혼,공격투자형,12507000
남,40대,1000만원미만,자영업,기혼,공격투자형,741000
여,60대,1000만원미만,전문직,미혼,적극투자형,960000
남,60대,5000만원미만,자영업,기혼,공격투자형,4463000
남,40대,1000만원미만,서비스업,기혼,위험중립형,1067000
남,20대,5000만원미만,전문직,미혼,안정추구형,6477000
여,40대,10000만원미만,자영업,미혼,공격투자형,15111000
남,40대,3000만원미만,전문직,기혼,적극투자형,3632000
여,20대,5000만원미만,기타,미혼,안정추구형,3934000
여,20대,3000만원미만,기타,기혼,위험중립형,5816000
남,20대,3000만원미만,자영업,기혼,공격투자형,2182000
여,20대,1000만원미만,전문직,기혼,위험중립형,634000
여,60대,5000만원미만,자영업,기혼,공격투자형,6595000
여,60대,1000만원미만,전문직,기혼,안정추구형,487000
여,20대,10000만원미만,자영업,기혼,위험중립형,9827000
남,50대,3000만원미만,전문직,미혼,적극투자형,2602000
여,40대,3000만원미만,자영업,기혼,안정추구형,3161000
남,20대,5000만원미만,전문직,기혼,위험중립형,4147000
남,60대,3000만원미만,전문직,기혼,안정형,3540000
남,50대,5000만원미만,서비스업,기혼,적극투자형,7896000
남,50대,3000만원미만,자영업,기혼,위험중립형,2147000
여,30대,10000만원이상,서비스업,기혼,안정형,24824000
남,40대,1000만원미만,기타,미혼,적극투자형,760000
남,50대,1000만원미만,서비스업,미혼,안정추구형,982000
여,50대,10000만원미만,서비스업,미혼,안정추구형,16168000
남,50대,10000만원이상,서비스업,미혼,안정추구형,26422000
여,50대,3000만원미만,자영업,기혼,적극투자형,2194000
여,20대,3000만원미만,전문직,기혼,위험중립형,1932000
남,30대,10000만원미만,기타,기혼,적극투자형,12909000
여,50대,3000만원미만,서비스업,미혼,안정형,2009000
여,40대,5000만원미만,전문직,미혼,안정형,2931000
여,50대,1000만원미만,전문직,미혼,안정형,418000
여,40대,10000만원미만,자영업,기혼,안정형,6863000
여,50대,3000만원미만,사무종사자,기혼,적극투자형,2348000
남,60대,3000만원미만,자영업,기혼,공격투자형,6104000
남,20대,3000만원미만,사무종사자,기혼,위험중립형,3495000
남,20대,3000만원미만,사무종사자,기혼,공격투자형,1772000
남,60대,5000만원미만,전문직,기혼,공격투자형,6127000
여,50대,10000만원이상,사무종사자,기혼,공격투자형,40303000
여,30대,10000만원미만,사무종사자,기혼,위험중립형,14178000
남,40대,3000만원미만,사무종사자,기혼,위험중립형,2356000
여,50대,3000만원미만,기타,기혼,안정추구형,2050000
남,20대,10000만원이상,자영업,미혼,위험중립형,37477000
여,60대,10000만원미만,자영업,미혼,적극투자형,12233000
여,20대,10000만원이상,자영업,기혼,안정형,21355000
남,60대,10000만원미만,서비스업,미혼,안정추구형,9588000
남,20대,10000만원미만,기타,기혼,적극투자형,13991000
여,30대,3000만원미만,자영업,미혼,위험중립형,3429000
남,30대,5000만원미만,기타,기혼,공격투자형,7863000
남,50대,1000만원미만,기타,미혼,적극투자형,609000
여,40대,10000만원미만,서비스업,기혼,적극투자형,20420000
여,60대,10000만원미만,전문직,미혼,위험중립형,10435000
남,30대,3000만원미만,기타,기혼,공격투자형,2035000
남,20대,3000만원미만,기타,미혼,공격투자형,2790000
여,50대,1000만원미만,서비스업,기혼,공격투자형,1371000
여,60대,3000만원미만,전문직,기혼,안정추구형,2307000
남,50대,5000만원미만,서비스업,기혼,위험중립형,7083000
남,30대,1000만원미만,서비스업,기혼,적극투자형,1469000
여,40대,10000만원이상,자영업,기혼,안정추구형,19154000
남,20대,5000만원미만,사무종사자,미혼,안정형,5762000
남,60대,3000만원미만,기타,미혼,적극투자형,2753000
남,30대,5000만원미만,기타,기혼,공격투자형,5014000
남,30대,5000만원미만,자영업,미혼,적극투자형,5132000
남,40대,3000만원미만,자영업,기혼,적극투자형,2947000
남,30대,5000만원미만,자영업,기혼,위험중립형,6058000
여,50대,3000만원미만,서비스업,기혼,위험중립형,1485000
여,20대,1000만원미만,자영업,미혼,적극투자형,576000
남,20대,3000만원미만,기타,기혼,적극투자형,2660000
남,30대,5000만원미만,기타,기혼,위험중립형,5889000
여,20대,10000만원이상,전문직,기혼,안정추구형,51421000
여,40대,10000만원미만,서비스업,미혼,적극투자형,14521000
여,40대,10000만원이상,기타,미혼,공격투자형,32654000
여,30대,5000만원미만,기타,기혼,공격투자형,3679000
여,30대,5000만원미만,자영업,미혼,위험중립형,3382000
남,40대,5000만원미만,서비스업,기혼,공격투자형,3777000
남,50대,1000만원미만,자영업,기혼,공격투자형,1250000
남,40대,3000만원미만,자영업,미혼,안정형,2632000
여,50대,10000만원이상,기타,미혼,위험중립형,26919000
여,30대,1000만원미만,기타,기혼,공격투자형,1006000
여,50대,1000만원미만,전문직,미혼,공격투자형,1055000
여,40대,3000만원미만,사무종사자,미혼,안정추구형,3768000
여,40대,10000만원미만,서비스업,기혼,적극투자형,17913000
여,50대,5000만원미만,서비스업,기혼,위험중립형,2369000
여,30대,10000만원이상,기타,기혼,안정추구형,22679000
여,50대,10000만원미만,사무종사자,미혼,안정추구형,22646000
남,40대,5000만원미만,사무종사자,기혼,안정추구형,4521000
여,30대,5000만원미만,서비스업,미혼,안정추구형,4576000
남,30대,3000만원미만,자영업,기혼,안정추구형,3949000
남,40대,10000만원미만,전문직,기혼,적극투자형,20482000
남,50대,10000만원미만,자영업,기혼,위험중립형,18636000
남,30대,1000만원미만,전문직,기혼,공격투자형,947000
여,40대,5000만원미만,전문직,미혼,적극투자형,8363000
여,40대,1000만원미만,전문직,기혼,위험중립형,498000
여,40대,3000만원미만,서비스업,미혼,공격투자형,2526000
남,20대,3000만원미만,서비스업,기혼,적극투자형,2166000
남,30대,5000만원미만,전문직,기혼,적극투자형,6921000
남,50대,1000만원미만,자영업,기혼,공격투자형,577000
여,30대,3000만원미만,기타,미혼,공격투자형,1763000
남,30대,3000만원미만,사무종사자,미혼,위험중립형,2173000
남,40대,5000만원미만,전문직,미혼,적극투자형,7961000
여,50대,5000만원미만,전문직,미혼,위험중립형,6316000
여,30대,3000만원미만,전문직,기혼,적극투자형,4234000
남,40대,1000만원미만,자영업,기혼,안정형,733000
여,20대,5000만원미만,전문직,기혼,위험중립형,5025000
남,20대,1000만원미만,기타,미혼,안정추구형,427000
남,60대,5000만원미만,서비스업,기혼,안정추구형,5151000
여,50대,5000만원미만,자영업,기혼,적극투자형,6366000
여,50대,10000만원미만,사무종사자,미혼,공격투자형,15931000
남,40대,10000만원미만,사무종사자,미혼,안정추구형,9048000
남,30대,3000만원미만,전문직,미혼,안정형,1722000
여,30대,3000만원미만,자영업,기혼,적극투자형,2843000
여,40대,10000만원미만,전문직,기혼,안정형,11025000
여,20대,10000만원미만,기타,미혼,안정추구형,14662000
남,40대,10000만원미만,자영업,미혼,안정형,11591000
여,30대,5000만원미만,전문직,기혼,적극투자형,4834000
남,40대,3000만원미만,서비스업,기혼,안정추구형,3851000
남,60대,3000만원미만,전문직,기혼,안정형,3567000
여,50대,10000만원이상,자영업,미혼,공격투자형,50377000
여,50대,10000만원이상,서비스업,기혼,안정형,22616000
여,40대,10000만원미만,전문직,기혼,적극투자형,14912000
여,30대,10000만원미만,사무종사자,미혼,공격투자형,14941000
남,60대,3000만원미만,자영업,기혼,공격투자형,3872000
여,60대,3000만원미만,기타,미혼,안정추구형,1176000
남,30대,3000만원미만,기타,기혼,적극투자형,2073000
여,40대,5000만원미만,사무종사자,기혼,안정추구형,6157000
여,60대,1000만원미만,전문직,기혼,안정형,917000
여,50대,10000만원미만,서비스업,미혼,안정형,15445000
남,50대,1000만원미만,기타,미혼,공격투자형,784000
여,50대,5000만원미만,자영업,기혼,안정형,11071000
여,30대,5000만원미만,서비스업,미혼,위험중립형,7597000
남,50대,10000만원미만,기타,기혼,위험중립형,11263000
여,20대,3000만원미만,사무종사자,기혼,안정형,2187000
남,20대,3000만원미만,전문직,미혼,안정형,2150000
여,20대,1000만원미만,기타,기혼,공격투자형,395000
여,20대,3000만원미만,자영업,기혼,위험중립형,1568000
여,50대,3000만원미만,사무종사자,기혼,위험중립형,3344000
남,50대,5000만원미만,자영업,기혼,공격투자형,5429000
여,30대,10000만원미만,자영업,기혼,안정추구형,10118000
여,50대,3000만원미만,사무종사자,미혼,위험중립형,4246000
여,30대,5000만원미만,기타,미혼,위험중립형,6703000
여,30대,1000만원미만,기타,미혼,안정형,529000
남,50대,1000만원미만,전문직,기혼,안정형,996000
여,60대,10000만원미만,전문직,기혼,공격투자형,17020000
여,30대,10000만원미만,사무종사자,기혼,안정추구형,9995000
남,20대,10000만원미만,자영업,기혼,안정추구형,17184000
여,60대,5000만원미만,자영업,미혼,안정형,3492000
여,60대,1000만원미만,사무종사자,기혼,안정추구형,852000
여,40대,5000만원미만,서비스업,기혼,적극투자형,4181000
남,20대,10000만원미만,사무종사자,미혼,안정추구형,19183000
여,30대,10000만원미만,기타,미혼,위험중립형,11507000
여,20대,3000만원미만,사무종사자,기혼,안정추구형,1986000
여,30대,10000만원미만,사무종사자,기혼,위험중립형,12715000
남,60대,10000만원미만,전문직,미혼,안정추구형,14450000
남,30대,5000만원미만,서비스업,미혼,안정추구형,6701000
남,60대,5000만원미만,자영업,미혼,적극투자형,6366000
남,20대,5000만원미만,사무종사자,미혼,적극투자형,6729000
남,60대,5000만원미만,사무종사자,미혼,안정형,3714000
남,30대,5000만원미만,서비스업,미혼,적극투자형,9384000
여,20대,10000만원미만,기타,기혼,적극투자형,10013000
남,20대,10000만원미만,전문직,기혼,적극투자형,14537000
남,30대,3000만원미만,전문직,미혼,안정형,3102000
남,40대,3000만원미만,기타,미혼,공격투자형,3459000
남,30대,5000만원미만,전문직,기혼,적극투자형,5691000
여,30대,10000만원미만,서비스업,기혼,안정추구형,12681000
여,30대,10000만원미만,사무종사자,미혼,적극투자형,16497000
여,30대,10000만원이상,자영업,미혼,적극투자형,37748000
여,50대,1000만원미만,자영업,기혼,안정형,1143000
여,20대,3000만원미만,사무종사자,기혼,공격투자형,1994000
남,60대,3000만원미만,전문직,기혼,안정추구형,3350000
여,60대,3000만원미만,사무종사자,기혼,적극투자형,3428000
남,40대,5000만원미만,서비스업,기혼,적극투자형,10165000
남,60대,10000만원미만,전문직,기혼,안정추구형,15664000
남,50대,3000만원미만,사무종사자,기혼,적극투자형,5091000
여,50대,5000만원미만,사무종사자,미혼,안정추구형,4722000
남,30대,5000만원미만,서비스업,미혼,안정형,3459000
여,60대,1000만원미만,기타,기혼,안정추구형,946000
남,30대,5000만원미만,자영업,미혼,안정형,4223000
여,30대,3000만원미만,서비스업,기혼,안정형,1820000
남,50대,1000만원미만,기타,미혼,공격투자형,1115000
남,50대,1000만원미만,자영업,미혼,위험중립형,577000
여,40대,3000만원미만,전문직,미혼,적극투자형,2741000
남,30대,5000만원미만,기타,기혼,적극투자형,4781000
